,volatile acidity,citric acid,residual sugar,chlorides,free sulfur dioxide,total sulfur dioxide,pH,sulphates,alcohol,quality,outlier_check
0,0.7,0.0,1.9,0.076,11.0,34.0,3.51,0.56,9.4,5,0
1,0.88,0.0,2.6,0.098,25.0,67.0,3.2,0.68,9.8,5,0
2,0.76,0.04,2.3,0.092,15.0,54.0,3.26,0.65,9.8,5,0
3,0.28,0.56,1.9,0.075,17.0,60.0,3.16,0.58,9.8,6,0
4,0.7,0.0,1.9,0.076,11.0,34.0,3.51,0.56,9.4,5,0
5,0.66,0.0,1.8,0.075,13.0,40.0,3.51,0.56,9.4,5,0
6,0.6,0.06,1.6,0.069,15.0,59.0,3.3,0.46,9.4,5,0
7,0.65,0.0,1.2,0.065,15.0,21.0,3.39,0.47,10.0,7,0
8,0.58,0.02,2.0,0.073,9.0,18.0,3.36,0.57,9.5,7,0
9,0.5,0.36,6.1,0.071,17.0,102.0,3.35,0.8,10.5,5,1
10,0.58,0.08,1.8,0.09699999999999999,15.0,65.0,3.28,0.54,9.2,5,0
11,0.5,0.36,6.1,0.071,17.0,102.0,3.35,0.8,10.5,5,1
12,0.615,0.0,1.6,0.08900000000000001,16.0,59.0,3.58,0.52,9.9,5,0
13,0.61,0.29,1.6,0.114,9.0,29.0,3.26,1.56,9.1,5,1
14,0.62,0.18,3.8,0.17600000000000002,52.0,145.0,3.16,0.88,9.2,5,4
15,0.62,0.19,3.9,0.17,51.0,148.0,3.17,0.93,9.2,5,4
16,0.28,0.56,1.8,0.092,35.0,103.0,3.3,0.75,10.5,7,0
17,0.56,0.28,1.7,0.368,16.0,56.0,3.11,1.28,9.3,5,2
18,0.59,0.08,4.4,0.086,6.0,29.0,3.38,0.5,9.0,4,1
19,0.32,0.51,1.8,0.341,17.0,56.0,3.04,1.08,9.2,6,2
20,0.22,0.48,1.8,0.077,29.0,60.0,3.39,0.53,9.4,6,0
21,0.39,0.31,2.3,0.08199999999999999,23.0,71.0,3.52,0.65,9.7,5,0
22,0.43,0.21,1.6,0.106,10.0,37.0,3.17,0.91,9.5,5,0
23,0.49,0.11,2.3,0.084,9.0,67.0,3.17,0.53,9.4,5,0
24,0.4,0.14,2.4,0.085,21.0,40.0,3.43,0.63,9.7,6,0
25,0.39,0.16,1.4,0.08,11.0,23.0,3.34,0.56,9.3,5,0
26,0.41,0.24,1.8,0.08,4.0,11.0,3.28,0.59,9.5,5,0
27,0.43,0.21,1.6,0.106,10.0,37.0,3.17,0.91,9.5,5,0
28,0.71,0.0,1.9,0.08,14.0,35.0,3.47,0.55,9.4,5,0
29,0.645,0.0,2.0,0.08199999999999999,8.0,16.0,3.38,0.59,9.8,6,0
30,0.675,0.07,2.4,0.08900000000000001,17.0,82.0,3.35,0.54,10.1,5,0
31,0.685,0.0,2.5,0.105,22.0,37.0,3.46,0.57,10.6,6,0
32,0.655,0.12,2.3,0.083,15.0,113.0,3.17,0.66,9.8,5,0
33,0.605,0.12,10.7,0.073,40.0,83.0,3.45,0.52,9.4,6,1
34,0.32,0.25,1.8,0.10300000000000001,13.0,50.0,3.38,0.55,9.2,5,0
35,0.645,0.0,5.5,0.086,5.0,18.0,3.4,0.55,9.6,6,1
36,0.6,0.14,2.4,0.086,3.0,15.0,3.42,0.6,10.8,6,0
37,0.38,0.28,2.1,0.066,13.0,30.0,3.23,0.73,9.7,7,0
38,1.13,0.09,1.5,0.172,7.0,19.0,3.5,0.48,9.8,4,2
39,0.45,0.36,5.9,0.07400000000000001,12.0,87.0,3.33,0.83,10.5,5,1
40,0.45,0.36,5.9,0.07400000000000001,12.0,87.0,3.33,0.83,10.5,5,1
41,0.61,0.3,2.8,0.08800000000000001,17.0,46.0,3.26,0.51,9.3,4,0
42,0.49,0.2,2.6,0.332,8.0,14.0,3.21,0.9,10.5,6,1
43,0.66,0.22,2.2,0.069,9.0,23.0,3.3,1.2,10.3,5,1
44,0.67,0.02,1.8,0.05,5.0,11.0,3.48,0.52,9.5,5,0
45,0.52,0.15,2.1,0.054000000000000006,8.0,65.0,3.9,0.56,13.1,4,1
46,0.935,0.43,2.2,0.114,22.0,114.0,3.25,0.73,9.2,5,0
47,0.29,0.52,1.6,0.113,12.0,37.0,3.25,0.58,9.5,5,0
48,0.4,0.23,1.6,0.066,5.0,12.0,3.34,0.56,9.2,5,0
49,0.31,0.37,1.4,0.07400000000000001,12.0,96.0,3.32,0.58,9.2,5,0
50,0.66,0.26,1.7,0.07400000000000001,4.0,23.0,3.15,0.74,9.2,5,0
51,0.52,0.04,2.2,0.069,8.0,15.0,3.4,0.63,9.4,6,0
52,0.5,0.04,2.1,0.068,6.0,14.0,3.39,0.64,9.4,6,0
53,0.38,0.36,3.0,0.081,30.0,119.0,3.2,0.56,9.4,5,0
54,0.51,0.15,2.8,0.11,33.0,73.0,3.17,0.63,10.2,6,0
55,0.62,0.04,3.8,0.084,25.0,45.0,3.34,0.53,9.5,5,1
56,0.42,0.57,3.4,0.07,4.0,10.0,3.04,0.63,9.6,5,0
57,0.63,0.12,5.1,0.111,50.0,110.0,3.26,0.77,9.4,5,2
58,0.59,0.18,2.3,0.076,17.0,54.0,3.43,0.59,10.0,5,0
59,0.39,0.31,2.4,0.07400000000000001,9.0,46.0,3.41,0.54,9.4,6,0
60,0.4,0.4,2.2,0.079,19.0,52.0,3.44,0.64,9.2,5,0
61,0.69,0.49,1.8,0.115,20.0,112.0,3.21,0.71,9.3,5,0
62,0.52,0.16,1.9,0.085,12.0,35.0,3.38,0.62,9.5,7,0
63,0.735,0.05,2.0,0.081,13.0,54.0,3.39,0.57,9.8,5,0
64,0.725,0.05,4.65,0.086,4.0,11.0,3.41,0.39,10.9,5,1
65,0.725,0.05,4.65,0.086,4.0,11.0,3.41,0.39,10.9,5,1
66,0.52,0.11,1.5,0.079,11.0,39.0,3.42,0.58,9.6,5,0
67,0.705,0.07,1.6,0.076,6.0,15.0,3.44,0.58,10.7,5,0
68,0.32,0.57,2.0,0.07400000000000001,27.0,65.0,3.28,0.79,10.7,5,0
69,0.705,0.05,1.9,0.07400000000000001,8.0,19.0,3.34,0.95,10.5,6,0
70,0.63,0.08,1.9,0.076,15.0,27.0,3.32,0.54,9.5,6,0
71,0.67,0.23,2.1,0.08800000000000001,17.0,96.0,3.32,0.48,9.5,5,0
72,0.69,0.22,1.9,0.084,18.0,94.0,3.31,0.48,9.5,5,0
73,0.675,0.26,2.1,0.084,11.0,43.0,3.31,0.53,9.2,4,0
74,0.32,0.54,2.5,0.094,28.0,83.0,3.28,0.82,9.6,5,0
75,0.41,0.64,2.2,0.09300000000000001,9.0,42.0,3.54,0.66,10.5,5,0
76,0.41,0.64,2.2,0.09300000000000001,9.0,42.0,3.54,0.66,10.5,5,0
77,0.785,0.0,2.4,0.10400000000000001,14.0,30.0,3.52,0.55,10.7,6,0
78,0.75,0.12,2.0,0.086,12.0,80.0,3.38,0.52,10.1,5,0
79,0.625,0.2,1.5,0.08,27.0,119.0,3.16,1.12,9.1,4,1
80,0.45,0.2,1.6,0.069,3.0,15.0,3.41,0.56,9.2,5,0
81,0.43,0.7,1.9,0.46399999999999997,22.0,67.0,3.13,1.28,9.4,5,2
82,0.5,0.47,2.0,0.086,21.0,73.0,3.36,0.57,9.1,5,0
83,0.67,0.26,1.8,0.401,16.0,51.0,3.16,1.14,9.4,5,2
84,0.3,0.48,1.8,0.069,18.0,61.0,3.44,0.78,10.3,6,0
85,0.55,0.15,2.2,0.076,19.0,40.0,3.41,0.59,10.1,5,0
86,0.49,0.28,1.9,0.11,20.0,136.0,2.93,1.95,9.9,6,2
87,0.49,0.26,1.9,0.062,9.0,31.0,3.39,0.64,9.6,5,0
88,0.39,0.44,2.1,0.107,34.0,125.0,3.14,1.22,9.5,5,2
89,0.62,0.08,1.8,0.076,8.0,24.0,3.48,0.53,9.0,5,0
90,0.52,0.26,1.9,0.079,42.0,140.0,3.23,0.54,9.5,5,1
91,0.49,0.28,1.9,0.11,20.0,136.0,2.93,1.95,9.9,6,2
92,0.49,0.29,2.0,0.11,19.0,133.0,2.93,1.98,9.8,5,2
93,0.49,0.26,1.9,0.062,9.0,31.0,3.39,0.64,9.6,5,0
94,1.02,0.04,1.4,0.045,41.0,85.0,3.75,0.48,10.5,4,1
95,0.6,0.17,2.3,0.057999999999999996,17.0,106.0,3.85,0.6,12.9,6,1
96,0.775,0.0,3.0,0.102,8.0,23.0,3.45,0.56,10.7,5,0
97,0.5,0.25,2.0,0.07,3.0,22.0,3.25,0.63,9.2,5,0
98,0.9,0.06,2.5,0.079,5.0,10.0,3.39,0.56,9.8,5,0
99,0.545,0.18,1.9,0.08,13.0,35.0,3.3,0.59,9.0,6,0
100,0.61,0.3,2.1,0.084,11.0,50.0,3.4,0.61,10.2,6,0
101,0.5,0.3,1.9,0.075,8.0,22.0,3.31,0.56,10.4,6,0
102,0.545,0.18,1.9,0.08,13.0,35.0,3.3,0.59,9.0,6,0
103,0.575,0.22,2.1,0.077,12.0,65.0,3.29,0.51,9.2,5,0
104,0.49,0.24,2.2,0.07,5.0,36.0,3.33,0.48,9.4,5,0
105,0.575,0.22,2.1,0.077,12.0,65.0,3.29,0.51,9.2,5,0
106,0.41,0.68,1.7,0.467,18.0,69.0,3.08,1.31,9.3,5,2
107,0.63,0.31,1.7,0.08800000000000001,15.0,64.0,3.46,0.79,9.3,5,0
108,0.33,0.53,2.5,0.091,18.0,80.0,3.37,0.8,9.6,6,0
109,0.785,0.52,2.0,0.122,37.0,153.0,3.21,0.69,9.3,5,2
110,0.56,0.19,1.8,0.10400000000000001,12.0,47.0,3.19,0.93,9.5,5,0
111,0.62,0.09,2.2,0.084,11.0,108.0,3.15,0.66,9.8,5,0
112,0.6,0.1,2.2,0.085,14.0,111.0,3.15,0.66,9.8,5,0
113,0.31,0.44,2.3,0.08,22.0,46.0,3.32,0.67,9.7,6,0
114,0.56,0.19,1.8,0.10400000000000001,12.0,47.0,3.19,0.93,9.5,5,0
115,0.4,0.31,2.2,0.09,13.0,62.0,3.07,0.63,10.5,6,0
116,0.54,0.28,1.9,0.077,11.0,40.0,3.39,0.61,10.0,6,0
117,0.56,0.12,2.0,0.08199999999999999,7.0,28.0,3.37,0.5,9.4,6,0
118,0.55,0.04,2.2,0.11900000000000001,14.0,56.0,3.21,0.6,10.9,6,0
119,0.69,0.08,1.8,0.09699999999999999,22.0,89.0,3.34,0.54,9.2,6,0
120,1.07,0.09,1.7,0.17800000000000002,10.0,89.0,3.3,0.57,9.0,5,2
121,0.55,0.04,2.2,0.11900000000000001,14.0,56.0,3.21,0.6,10.9,6,0
122,0.695,0.0,2.5,0.075,3.0,13.0,3.49,0.52,9.2,5,0
123,0.71,0.0,2.6,0.08,11.0,34.0,3.44,0.53,9.5,5,0
124,0.5,0.17,1.6,0.08199999999999999,21.0,102.0,3.39,0.48,9.5,5,0
125,0.62,0.04,1.9,0.146,27.0,90.0,3.16,0.7,9.4,5,1
126,1.33,0.0,1.7,0.081,3.0,12.0,3.53,0.49,10.9,5,1
127,1.33,0.0,1.8,0.08199999999999999,3.0,12.0,3.54,0.48,10.9,5,1
128,0.59,0.16,1.8,0.065,3.0,16.0,3.42,0.92,10.5,7,0
129,0.38,0.15,1.8,0.07200000000000001,6.0,19.0,3.42,0.57,9.4,5,0
130,0.745,0.56,2.0,0.11800000000000001,30.0,134.0,3.24,0.66,9.4,5,1
131,0.5,0.09,2.3,0.049,17.0,99.0,3.63,0.63,13.0,5,0
132,0.5,0.09,2.3,0.049,17.0,99.0,3.63,0.63,13.0,5,0
133,0.5,0.01,1.5,0.06,17.0,26.0,3.4,0.58,9.8,6,0
134,1.04,0.05,2.2,0.084,13.0,29.0,3.22,0.55,9.9,6,1
135,0.745,0.11,1.9,0.09,16.0,63.0,3.19,0.82,9.6,5,0
136,0.715,0.15,1.8,0.08900000000000001,10.0,52.0,3.23,0.77,9.5,5,0
137,0.415,0.36,2.0,0.081,13.0,45.0,3.48,0.64,9.2,5,0
138,0.56,0.19,2.1,0.081,15.0,105.0,3.33,0.54,9.5,5,0
139,0.56,0.19,2.0,0.081,17.0,108.0,3.32,0.54,9.5,5,0
140,0.745,0.11,1.9,0.09,16.0,63.0,3.19,0.82,9.6,5,0
141,0.715,0.15,1.8,0.08900000000000001,10.0,52.0,3.23,0.77,9.5,5,0
142,0.34,0.0,1.8,0.05,27.0,63.0,3.68,0.79,14.0,6,1
143,0.39,0.08,1.7,0.066,3.0,20.0,3.34,0.58,9.4,5,0
144,0.34,0.0,1.8,0.05,27.0,63.0,3.68,0.79,14.0,6,1
145,0.67,0.55,1.8,0.11699999999999999,32.0,141.0,3.17,0.62,9.4,5,1
146,0.68,0.02,1.8,0.087,21.0,94.0,3.54,0.52,10.0,5,0
147,0.49,0.26,1.6,0.23600000000000002,10.0,88.0,3.11,0.8,9.3,5,1
148,0.49,0.1,2.3,0.07400000000000001,12.0,30.0,3.42,0.58,10.2,6,0
149,0.4,0.44,2.8,0.08900000000000001,11.0,43.0,3.53,0.61,10.5,6,0
150,0.33,0.47,2.1,0.077,5.0,11.0,3.33,0.53,10.3,6,0
151,0.52,1.0,3.4,0.61,32.0,69.0,2.74,2.0,9.4,4,4
152,0.6,0.03,1.8,0.095,25.0,99.0,3.35,0.54,10.1,5,0
153,0.6,0.03,1.8,0.095,25.0,99.0,3.35,0.54,10.1,5,0
154,0.43,0.42,5.5,0.07,29.0,129.0,3.42,0.72,10.5,5,2
155,0.43,0.42,5.5,0.071,28.0,128.0,3.42,0.71,10.5,5,2
156,0.43,0.42,5.5,0.07,29.0,129.0,3.42,0.72,10.5,5,2
157,0.43,0.42,5.5,0.071,28.0,128.0,3.42,0.71,10.5,5,2
158,0.68,0.0,2.2,0.073,12.0,22.0,3.48,0.5,9.3,5,0
159,0.6,0.18,1.9,0.079,18.0,86.0,3.59,0.57,9.3,6,0
160,0.95,0.03,2.0,0.09,7.0,20.0,3.2,0.56,9.6,5,0
161,0.68,0.02,1.3,0.07200000000000001,9.0,20.0,3.17,1.08,9.2,4,1
162,0.53,0.04,1.7,0.076,17.0,31.0,3.33,0.56,10.0,6,0
163,0.6,0.26,7.3,0.07,36.0,121.0,3.37,0.49,9.4,5,1
164,0.59,0.26,7.2,0.07,35.0,121.0,3.37,0.49,9.4,5,1
165,0.63,0.48,1.7,0.1,14.0,96.0,3.19,0.62,9.5,5,0
166,0.64,0.1,2.1,0.085,18.0,101.0,3.34,0.52,10.2,5,0
167,0.55,0.03,1.6,0.07200000000000001,17.0,42.0,3.37,0.48,9.0,4,0
168,0.63,0.07,2.1,0.08900000000000001,11.0,44.0,3.47,0.55,10.4,6,0
169,0.705,0.24,1.8,0.36,15.0,63.0,3.0,1.59,9.5,5,2
170,0.885,0.03,1.8,0.057999999999999996,4.0,8.0,3.36,0.33,9.1,4,0
171,0.42,0.17,2.0,0.073,6.0,18.0,3.29,0.61,9.2,6,0
172,0.42,0.17,2.0,0.073,6.0,18.0,3.29,0.61,9.2,6,0
173,0.62,0.05,1.9,0.068,24.0,42.0,3.42,0.57,11.5,6,0
174,0.38,0.21,2.0,0.08,7.0,35.0,3.33,0.47,9.5,5,0
175,0.5,0.04,1.5,0.085,19.0,49.0,3.35,0.78,9.5,5,0
176,0.38,0.21,2.0,0.08,7.0,35.0,3.33,0.47,9.5,5,0
177,0.52,0.42,2.3,0.087,8.0,38.0,3.58,0.61,10.5,6,0
178,0.805,0.0,2.5,0.068,7.0,20.0,3.48,0.56,9.6,5,0
179,0.61,0.14,2.4,0.067,10.0,42.0,3.19,0.59,9.5,5,0
180,0.61,0.14,2.4,0.067,10.0,42.0,3.19,0.59,9.5,5,0
181,0.61,0.49,2.0,0.27,23.0,110.0,3.12,1.02,9.3,5,2
182,0.73,0.02,2.5,0.076,16.0,42.0,3.44,0.52,9.3,5,0
183,0.61,0.2,1.8,0.077,11.0,65.0,3.54,0.58,9.3,5,0
184,0.62,0.21,1.9,0.079,8.0,62.0,3.52,0.58,9.3,6,0
185,0.31,0.57,2.0,0.111,26.0,85.0,3.26,0.53,9.7,5,0
186,0.39,0.48,2.0,0.08199999999999999,14.0,67.0,3.34,0.55,9.2,5,0
187,0.705,0.1,2.6,0.084,9.0,26.0,3.39,0.49,9.7,5,0
188,0.5,0.33,2.0,0.084,15.0,143.0,3.2,0.55,9.5,5,1
189,0.49,0.32,1.9,0.08199999999999999,17.0,144.0,3.2,0.55,9.5,5,1
190,0.5,0.35,2.9,0.077,21.0,127.0,3.23,0.62,9.4,5,1
191,0.37,0.25,1.9,0.07400000000000001,21.0,49.0,3.57,0.62,9.8,6,0
192,0.63,0.12,3.8,0.099,16.0,126.0,3.28,0.61,9.5,5,2
193,0.55,0.21,2.2,0.071,7.0,28.0,3.28,0.55,9.7,5,0
194,0.55,0.21,2.2,0.071,7.0,28.0,3.28,0.55,9.7,5,0
195,0.59,0.33,2.0,0.07400000000000001,24.0,120.0,3.25,0.54,9.4,5,0
196,0.58,0.3,2.4,0.07400000000000001,15.0,55.0,3.46,0.59,10.2,5,0
197,0.3,0.6,2.0,0.067,12.0,27.0,3.11,0.97,10.1,6,0
198,0.835,0.08,1.2,0.046,13.0,93.0,3.57,0.85,13.0,7,0
199,1.09,0.06,2.1,0.061,12.0,31.0,3.51,0.43,11.4,4,1
200,0.32,0.47,1.4,0.055999999999999994,9.0,24.0,3.22,0.82,10.3,7,0
201,0.37,0.48,2.1,0.09699999999999999,39.0,145.0,3.04,1.03,9.3,5,2
202,0.5,0.11,1.5,0.075,16.0,49.0,3.36,0.79,9.5,5,0
203,0.42,0.35,1.6,0.08800000000000001,16.0,39.0,3.34,0.55,9.2,5,0
204,0.43,0.36,1.6,0.08900000000000001,14.0,37.0,3.34,0.56,9.2,6,0
205,0.3,0.74,2.6,0.095,9.0,28.0,3.2,0.77,10.8,7,0
206,0.3,0.74,2.6,0.095,9.0,28.0,3.2,0.77,10.8,7,0
207,0.57,0.31,1.8,0.069,26.0,120.0,3.29,0.53,9.3,5,0
208,0.44,0.28,2.7,0.1,18.0,95.0,3.22,0.67,9.4,5,0
209,0.3,0.58,2.1,0.054000000000000006,7.0,19.0,3.31,0.88,10.5,7,0
210,0.53,0.6,2.0,0.039,5.0,19.0,3.3,0.86,12.4,6,1
211,0.725,0.24,2.8,0.083,10.0,62.0,3.35,0.56,10.0,6,0
212,0.44,0.64,2.1,0.059000000000000004,5.0,15.0,3.21,0.67,10.2,6,0
213,0.57,0.26,2.2,0.06,28.0,65.0,3.3,0.43,10.1,5,0
214,0.735,0.08,2.4,0.092,10.0,41.0,3.24,0.71,9.8,6,0
215,0.49,0.49,5.6,0.06,26.0,121.0,3.34,0.76,10.5,5,1
216,0.625,0.16,2.0,0.10099999999999999,13.0,49.0,3.14,0.57,11.0,5,0
217,0.725,0.22,2.2,0.07200000000000001,11.0,41.0,3.36,0.55,9.1,5,0
218,0.49,0.19,1.9,0.076,10.0,44.0,3.39,0.54,9.7,5,0
219,0.53,0.33,2.4,0.08,24.0,144.0,3.3,0.6,9.5,5,1
220,0.34,0.37,2.0,0.08199999999999999,24.0,58.0,3.34,0.59,9.4,6,0
221,0.53,0.26,2.0,0.10099999999999999,16.0,72.0,3.15,0.57,9.4,5,0
222,0.61,0.04,1.5,0.057,5.0,10.0,3.42,0.6,9.5,5,0
223,0.645,0.25,2.0,0.083,8.0,28.0,3.28,0.6,10.0,6,0
224,0.635,0.36,2.0,0.08900000000000001,15.0,55.0,3.31,0.57,10.4,4,0
225,0.43,0.25,2.6,0.073,29.0,63.0,3.37,0.58,10.5,6,0
226,0.59,0.5,2.0,0.337,27.0,81.0,3.04,1.61,9.5,6,2
227,0.82,0.14,2.6,0.08900000000000001,9.0,23.0,3.39,0.63,9.8,5,0
228,0.43,0.25,2.6,0.073,29.0,63.0,3.37,0.58,10.5,6,0
229,0.52,0.25,2.6,0.081,10.0,37.0,3.46,0.5,11.0,5,0
230,0.48,0.04,1.6,0.054000000000000006,19.0,106.0,3.54,0.62,12.2,7,0
231,0.38,0.06,1.8,0.078,12.0,49.0,3.37,0.52,9.9,6,0
232,0.37,0.2,2.8,0.09,18.0,58.0,3.34,0.7,9.6,6,0
233,0.52,0.25,2.6,0.081,10.0,37.0,3.46,0.5,11.0,5,0
234,1.0,0.09,2.3,0.065,7.0,37.0,3.32,0.55,9.0,6,0
235,0.63,0.0,1.9,0.09699999999999999,14.0,38.0,3.37,0.58,9.0,6,0
236,0.63,0.0,1.9,0.09699999999999999,14.0,38.0,3.37,0.58,9.0,6,0
237,0.645,0.0,1.9,0.09699999999999999,15.0,39.0,3.37,0.58,9.2,6,0
238,0.63,0.0,1.9,0.09699999999999999,14.0,38.0,3.37,0.58,9.0,6,0
239,1.0,0.09,2.3,0.065,7.0,37.0,3.32,0.55,9.0,6,0
240,0.635,0.37,1.7,0.263,5.0,62.0,3.0,1.09,9.3,5,2
241,0.38,0.56,2.1,0.09300000000000001,6.0,24.0,3.14,0.71,10.9,6,0
242,0.58,0.1,1.8,0.102,28.0,109.0,3.08,0.49,9.8,6,0
243,0.21,0.44,2.2,0.075,10.0,24.0,3.07,0.84,9.2,7,0
244,0.21,0.44,2.2,0.075,10.0,24.0,3.07,0.84,9.2,7,0
245,0.66,0.0,2.0,0.084,6.0,23.0,3.61,0.96,9.9,6,0
246,0.68,0.07,1.9,0.075,16.0,51.0,3.38,0.52,9.5,5,0
247,0.6,0.17,2.3,0.07200000000000001,11.0,73.0,3.2,0.45,9.3,5,0
248,0.53,0.06,1.7,0.07400000000000001,9.0,39.0,3.35,0.48,9.8,6,0
249,0.66,0.0,2.0,0.084,6.0,23.0,3.61,0.96,9.9,6,0
250,0.32,0.44,1.6,0.063,16.0,37.0,3.22,0.78,10.0,6,0
251,0.6,0.0,1.8,0.07400000000000001,16.0,34.0,3.47,0.7,9.9,6,0
252,0.35,0.48,3.1,0.09,5.0,21.0,3.17,0.53,10.5,5,0
253,0.775,0.42,1.9,0.092,8.0,86.0,3.23,0.59,9.5,5,0
254,0.6,0.0,1.8,0.07400000000000001,16.0,34.0,3.47,0.7,9.9,6,0
255,0.57,0.23,3.2,0.073,17.0,119.0,3.26,0.57,9.3,5,0
256,0.34,0.37,2.2,0.075,5.0,13.0,3.22,0.62,9.2,5,0
257,0.695,0.0,2.1,0.075,12.0,56.0,3.49,0.67,9.2,5,0
258,0.41,0.76,1.8,0.611,8.0,45.0,3.06,1.26,9.4,5,2
259,0.31,0.47,2.6,0.085,14.0,33.0,3.36,0.8,10.5,7,0
260,0.33,0.23,1.7,0.077,18.0,45.0,3.29,0.65,9.3,5,0
261,0.975,0.04,2.0,0.087,12.0,67.0,3.35,0.6,9.4,4,0
262,0.52,0.03,1.7,0.07,10.0,35.0,3.34,0.57,10.0,5,0
263,0.37,0.23,1.8,0.077,23.0,49.0,3.28,0.67,9.3,5,0
264,0.56,0.49,2.4,0.064,5.0,27.0,3.08,0.87,10.9,5,0
265,0.26,0.52,1.8,0.071,6.0,10.0,3.2,0.72,10.2,7,0
266,0.87,0.0,3.3,0.096,26.0,61.0,3.6,0.72,9.8,4,0
267,0.35,0.46,3.6,0.078,15.0,37.0,3.35,0.86,12.8,8,1
268,0.54,0.04,3.0,0.077,7.0,27.0,3.69,0.91,9.4,6,1
269,0.18,0.51,4.0,0.10400000000000001,4.0,23.0,3.28,0.97,10.1,6,1
270,0.545,0.06,4.0,0.087,27.0,61.0,3.36,0.67,10.7,6,1
271,0.18,0.51,4.0,0.10400000000000001,4.0,23.0,3.28,0.97,10.1,6,1
272,0.37,0.58,4.0,0.071,17.0,65.0,3.22,0.78,10.1,5,1
273,0.715,0.2,2.4,0.076,10.0,38.0,3.31,0.64,9.4,5,0
274,0.65,0.18,7.0,0.08800000000000001,27.0,94.0,3.38,0.77,9.4,5,1
275,0.545,0.06,4.0,0.087,27.0,61.0,3.36,0.67,10.7,6,1
276,0.54,0.04,3.0,0.077,7.0,27.0,3.69,0.91,9.4,6,1
277,0.18,0.51,4.0,0.10400000000000001,4.0,23.0,3.28,0.97,10.1,6,1
278,0.32,0.45,6.4,0.073,5.0,13.0,3.23,0.82,12.6,8,2
279,0.4,0.32,5.6,0.087,10.0,47.0,3.38,0.77,10.5,7,1
280,0.26,0.44,3.6,0.071,6.0,19.0,3.12,0.82,9.3,6,0
281,0.27,0.68,3.5,0.358,5.0,10.0,3.25,1.08,9.9,7,2
282,0.52,0.12,3.0,0.067,12.0,53.0,3.36,0.57,9.1,5,0
283,0.4,0.32,5.6,0.087,10.0,47.0,3.38,0.77,10.5,7,1
284,0.59,0.07,3.4,0.102,32.0,71.0,3.31,0.71,9.8,5,0
285,0.59,0.07,3.4,0.102,32.0,71.0,3.31,0.71,9.8,5,0
286,0.45,0.55,2.0,0.073,25.0,49.0,3.1,0.76,10.3,6,0
287,0.4,0.12,3.0,0.092,29.0,53.0,3.37,0.7,10.3,6,0
288,0.52,0.09,2.5,0.091,20.0,49.0,3.34,0.86,10.6,7,0
289,0.42,0.53,3.3,0.105,33.0,98.0,3.2,0.95,9.2,5,0
290,0.52,0.09,2.5,0.091,20.0,49.0,3.34,0.86,10.6,7,0
291,0.2,0.48,2.0,0.34299999999999997,6.0,18.0,3.3,0.71,10.5,5,1
292,0.55,0.23,2.7,0.091,18.0,48.0,3.22,0.64,10.3,6,0
293,0.36,0.25,2.4,0.098,5.0,16.0,3.41,0.6,10.1,6,0
294,0.34,0.52,3.2,0.094,17.0,53.0,3.05,0.81,9.5,6,0
295,0.5,0.46,2.5,0.073,5.0,27.0,3.05,0.64,9.5,5,0
296,0.83,0.37,2.6,0.086,26.0,70.0,3.16,0.52,9.9,5,0
297,0.63,0.06,2.0,0.083,8.0,29.0,3.67,0.73,9.6,5,0
298,0.65,0.02,2.3,0.094,5.0,31.0,3.67,0.8,9.7,5,0
299,0.67,0.06,2.1,0.08,8.0,33.0,3.68,0.71,9.6,5,0
300,0.53,0.06,2.6,0.086,20.0,44.0,3.38,0.59,10.7,6,0
301,0.18,0.48,1.5,0.068,7.0,15.0,3.22,0.64,10.1,6,0
302,0.705,0.12,2.6,0.092,12.0,28.0,3.51,0.72,10.0,5,0
303,0.67,0.12,1.6,0.18600000000000003,5.0,21.0,3.39,0.54,9.5,5,1
304,0.65,0.6,2.1,0.11199999999999999,12.0,90.0,3.2,0.52,9.2,5,0
305,0.53,0.48,2.5,0.063,6.0,25.0,3.12,0.59,9.3,6,0
306,0.62,0.32,2.2,0.08199999999999999,7.0,54.0,3.36,0.52,9.4,5,0
307,0.41,0.42,2.4,0.213,6.0,14.0,3.19,0.62,9.5,6,1
308,0.43,0.44,2.4,0.214,5.0,12.0,3.19,0.63,9.5,6,1
309,0.29,0.38,1.7,0.062,9.0,30.0,3.41,0.53,9.5,6,0
310,0.53,0.48,2.5,0.063,6.0,25.0,3.12,0.59,9.3,6,0
311,0.53,0.24,2.0,0.07200000000000001,15.0,105.0,3.27,0.54,9.4,6,0
312,0.46,0.31,2.8,0.09300000000000001,19.0,98.0,3.32,0.63,9.5,6,0
313,0.47,0.3,3.0,0.076,30.0,135.0,3.3,0.53,9.4,5,1
314,0.36,0.29,2.6,0.087,26.0,72.0,3.39,0.68,11.0,5,0
315,0.35,0.29,2.5,0.096,20.0,53.0,3.42,0.65,11.0,6,0
316,0.56,0.23,3.4,0.102,37.0,92.0,3.3,0.65,10.1,5,0
317,0.77,0.12,2.9,0.08199999999999999,30.0,74.0,3.3,0.64,10.4,6,0
318,0.66,0.39,3.2,0.083,21.0,59.0,3.37,0.71,11.5,7,0
319,0.77,0.12,2.9,0.08199999999999999,30.0,74.0,3.3,0.64,10.4,6,0
320,0.66,0.39,3.2,0.083,21.0,59.0,3.37,0.71,11.5,7,0
321,0.61,0.26,3.4,0.09,25.0,87.0,3.24,0.62,9.7,5,0
322,0.62,0.05,2.3,0.079,6.0,18.0,3.29,0.63,9.3,5,0
323,0.59,0.42,2.8,0.09,35.0,73.0,3.28,0.7,9.5,6,0
324,0.49,0.2,11.0,0.071,13.0,50.0,3.16,0.69,9.2,6,1
325,0.49,0.2,11.0,0.071,13.0,50.0,3.16,0.69,9.2,6,1
326,0.53,0.66,3.65,0.121,6.0,14.0,3.05,0.74,11.5,7,1
327,0.44,0.5,4.5,0.107,5.0,13.0,3.28,0.83,11.5,5,1
328,0.27,0.62,2.6,0.08199999999999999,6.0,21.0,3.16,0.67,9.7,6,0
329,0.46,0.39,2.0,0.061,7.0,15.0,3.18,0.62,9.5,5,0
330,0.36,0.64,2.9,0.122,10.0,41.0,3.23,0.66,12.5,6,1
331,0.36,0.64,2.9,0.122,10.0,41.0,3.23,0.66,12.5,6,1
332,0.58,0.28,3.2,0.066,21.0,114.0,3.22,0.54,9.4,6,0
333,0.56,0.08,2.1,0.105,16.0,44.0,3.13,0.52,11.0,5,0
334,0.65,0.01,2.5,0.078,17.0,38.0,3.34,0.74,11.7,7,0
335,0.695,0.53,3.4,0.128,7.0,21.0,3.17,0.84,12.2,7,1
336,0.43,0.45,1.9,0.052000000000000005,6.0,16.0,3.35,0.7,12.5,6,0
337,0.43,0.32,2.8,0.08,29.0,58.0,3.31,0.64,10.3,5,0
338,0.49,0.58,3.0,0.10300000000000001,28.0,99.0,3.16,1.0,11.5,6,0
339,0.28,0.54,2.3,0.08199999999999999,12.0,29.0,3.11,1.36,9.8,7,1
340,0.34,0.5,2.4,0.066,10.0,21.0,3.12,1.18,9.2,6,1
341,0.42,0.48,2.7,0.065,5.0,18.0,3.21,0.87,11.3,6,0
342,0.39,0.47,1.8,0.11800000000000001,6.0,14.0,3.3,0.75,9.8,6,0
343,0.39,0.47,1.8,0.11800000000000001,6.0,14.0,3.3,0.75,9.8,6,0
344,0.57,0.5,2.6,0.08199999999999999,6.0,32.0,3.12,0.78,10.7,6,0
345,0.685,0.0,1.9,0.067,40.0,63.0,3.6,0.81,9.9,5,0
346,0.815,0.02,2.7,0.07200000000000001,17.0,34.0,3.58,0.89,12.3,7,0
347,0.49,0.67,3.0,0.09300000000000001,6.0,15.0,3.02,0.93,12.0,6,0
348,0.56,0.31,2.8,0.08900000000000001,15.0,46.0,3.11,0.92,10.0,6,0
349,0.785,0.0,2.6,0.09300000000000001,11.0,28.0,3.36,0.86,9.4,6,0
350,0.67,0.22,2.7,0.107,17.0,34.0,3.28,0.98,9.9,6,0
351,0.795,0.0,2.6,0.096,11.0,26.0,3.35,0.83,9.4,6,0
352,0.665,0.0,2.4,0.09,8.0,19.0,3.27,0.73,9.3,5,0
353,0.53,0.79,4.8,0.12,23.0,77.0,3.18,0.77,13.0,5,1
354,0.21,0.4,1.4,0.066,40.5,165.0,3.25,0.59,11.9,6,1
355,0.75,0.01,2.4,0.078,17.0,32.0,3.55,0.61,12.8,6,0
356,0.41,0.52,3.0,0.08,29.0,55.0,3.26,0.88,11.0,5,0
357,0.42,0.66,2.95,0.11599999999999999,12.0,29.0,3.24,0.75,11.7,7,0
358,0.43,0.66,3.1,0.109,10.0,23.0,3.15,0.85,10.4,7,0
359,0.38,0.66,2.6,0.08800000000000001,10.0,41.0,3.17,0.68,9.8,6,0
360,0.7,0.23,2.0,0.099,14.0,81.0,3.19,0.7,9.4,5,0
361,0.45,0.31,2.6,0.086,21.0,50.0,3.37,0.91,9.9,6,0
362,0.58,0.66,2.5,0.07200000000000001,6.0,37.0,3.05,0.56,10.0,5,0
363,0.46,0.63,2.0,0.071,6.0,15.0,2.99,0.87,10.2,5,0
364,0.615,0.66,5.8,0.083,7.0,42.0,3.07,0.73,10.0,7,1
365,0.42,0.5,3.4,0.107,7.0,21.0,3.26,0.93,11.8,6,0
366,0.615,0.66,5.8,0.083,7.0,42.0,3.07,0.73,10.0,7,1
367,0.575,0.61,2.6,0.076,11.0,24.0,3.16,0.69,9.0,5,0
368,0.34,0.52,2.8,0.159,15.0,75.0,3.18,0.64,9.4,5,1
369,0.27,0.53,2.4,0.07400000000000001,6.0,18.0,3.2,1.13,12.0,7,1
370,0.765,0.02,2.3,0.063,35.0,63.0,3.57,0.78,9.9,5,0
371,0.24,0.4,1.6,0.055999999999999994,11.0,25.0,3.32,0.87,8.7,6,0
372,0.28,0.48,1.8,0.067,26.0,46.0,3.32,1.04,10.6,6,1
373,0.55,0.22,2.2,0.106,12.0,72.0,3.05,0.63,9.2,5,0
374,0.41,0.63,3.8,0.08900000000000001,6.0,47.0,3.01,0.81,10.8,6,1
375,0.54,0.71,4.4,0.124,6.0,15.0,3.01,0.83,11.8,7,2
376,0.45,0.5,3.0,0.078,19.0,47.0,3.26,1.11,11.0,6,1
377,0.27,0.53,2.4,0.07400000000000001,6.0,18.0,3.2,1.13,12.0,7,1
378,0.625,0.66,6.2,0.08800000000000001,6.0,24.0,3.11,0.99,13.3,6,1
379,0.42,0.38,2.5,0.094,24.0,60.0,3.31,0.7,10.8,6,0
380,0.26,0.42,2.0,0.08,11.0,27.0,3.21,0.8,9.4,6,0
381,0.415,0.68,2.9,0.085,17.0,43.0,3.06,0.8,10.0,6,0
382,0.26,0.42,2.0,0.08,11.0,27.0,3.21,0.8,9.4,6,0
383,0.26,0.42,2.0,0.08,11.0,27.0,3.21,0.8,9.4,6,0
384,0.51,0.28,2.1,0.087,23.0,54.0,3.42,0.74,9.2,5,0
385,0.63,0.07,2.4,0.09,11.0,37.0,3.43,0.76,9.7,6,0
386,0.54,0.26,2.0,0.08800000000000001,23.0,48.0,3.41,0.74,9.2,6,0
387,0.66,0.15,1.9,0.079,17.0,42.0,3.31,0.54,9.6,6,0
388,0.46,0.26,1.9,0.08800000000000001,23.0,53.0,3.43,0.74,9.2,6,0
389,0.38,0.31,2.5,0.096,16.0,49.0,3.19,0.7,10.0,7,0
390,0.85,0.05,1.4,0.045,12.0,88.0,3.56,0.82,12.9,8,1
391,0.415,0.68,2.9,0.085,17.0,43.0,3.06,0.8,10.0,6,0
392,0.37,0.52,2.0,0.08199999999999999,6.0,26.0,3.18,0.51,9.5,5,0
393,0.665,0.61,2.0,0.11199999999999999,13.0,95.0,3.16,0.54,9.1,5,0
394,0.6,0.65,2.3,0.063,6.0,25.0,3.03,0.57,9.9,5,0
395,0.37,0.76,4.2,0.066,7.0,38.0,3.22,0.6,13.0,7,1
396,0.735,0.02,7.9,0.122,68.0,124.0,3.47,0.53,9.9,5,4
397,0.59,0.59,2.6,0.087,13.0,49.0,3.18,0.65,11.0,6,0
398,0.59,0.59,2.6,0.087,13.0,49.0,3.18,0.65,11.0,6,0
399,0.765,0.22,2.3,0.064,9.0,42.0,3.1,0.55,9.4,5,0
400,0.735,0.02,7.9,0.122,68.0,124.0,3.47,0.53,9.9,5,4
401,0.26,0.3,1.7,0.059000000000000004,20.0,38.0,3.29,0.47,10.8,6,0
402,0.48,0.54,2.6,0.085,19.0,64.0,3.1,0.61,10.5,6,0
403,0.6,0.49,2.7,0.085,10.0,41.0,3.15,0.63,10.5,6,0
404,0.69,0.05,2.7,0.075,15.0,27.0,3.26,0.61,9.1,5,0
405,0.31,0.46,1.4,0.059000000000000004,11.0,25.0,3.36,0.76,10.1,6,0
406,0.44,0.47,2.5,0.063,9.0,28.0,3.24,0.65,10.8,6,0
407,0.39,0.66,3.0,0.09300000000000001,12.0,30.0,3.18,0.63,10.8,7,0
408,0.34,0.58,3.7,0.174,6.0,16.0,3.19,0.7,11.3,6,2
409,0.46,0.49,4.5,0.07,26.0,49.0,3.05,0.57,9.6,4,1
410,0.43,0.34,2.5,0.08,26.0,86.0,3.38,0.62,9.5,6,0
411,0.45,0.35,2.4,0.08,23.0,78.0,3.38,0.62,9.5,5,0
412,0.735,0.16,1.9,0.1,15.0,77.0,3.27,0.64,9.3,5,0
413,0.4,0.53,6.7,0.09699999999999999,6.0,19.0,3.27,0.82,11.7,7,1
414,0.52,0.34,2.7,0.087,24.0,122.0,3.26,0.61,9.5,5,0
415,0.725,0.24,6.6,0.11699999999999999,31.0,134.0,3.32,1.07,9.3,5,3
416,0.48,0.64,2.2,0.111,6.0,20.0,3.26,0.66,11.7,6,0
417,0.58,0.12,1.9,0.091,34.0,124.0,3.44,0.48,10.5,5,1
418,0.38,0.51,2.0,0.121,7.0,20.0,3.24,0.76,10.4,6,1
419,0.77,0.0,1.8,0.066,34.0,52.0,3.62,0.68,9.9,5,0
420,0.56,0.33,2.4,0.08900000000000001,35.0,67.0,3.28,0.73,11.8,7,0
421,0.84,0.03,2.3,0.059000000000000004,32.0,48.0,3.52,0.56,12.3,7,0
422,0.96,0.2,2.0,0.047,15.0,60.0,3.36,0.44,10.9,5,0
423,0.24,0.47,2.1,0.066,6.0,24.0,3.15,0.9,11.0,7,0
424,0.96,0.2,2.0,0.047,15.0,60.0,3.36,0.44,10.9,5,0
425,0.84,0.03,2.3,0.059000000000000004,32.0,48.0,3.52,0.56,12.3,7,0
426,0.67,0.08,2.1,0.045,19.0,48.0,3.49,0.49,11.4,6,0
427,0.78,0.22,1.9,0.077,6.0,32.0,3.26,0.56,10.6,6,0
428,0.52,0.33,1.3,0.07,9.0,30.0,3.24,0.6,9.3,5,0
429,0.84,0.63,2.4,0.08800000000000001,13.0,35.0,3.1,0.6,10.4,6,0
430,0.24,0.47,2.1,0.066,6.0,24.0,3.15,0.9,11.0,7,0
431,0.55,0.35,2.2,0.07400000000000001,21.0,66.0,3.25,0.56,9.2,5,0
432,0.37,0.69,2.3,0.078,12.0,24.0,3.0,0.65,12.8,6,0
433,0.39,0.63,2.3,0.091,6.0,18.0,3.16,0.49,9.5,5,0
434,0.41,0.55,3.2,0.076,22.0,54.0,3.15,0.89,9.9,6,0
435,0.39,0.63,2.3,0.091,6.0,18.0,3.16,0.49,9.5,5,0
436,0.67,0.3,2.0,0.06,38.0,62.0,3.26,0.56,10.2,6,0
437,0.45,0.73,3.2,0.066,6.0,22.0,3.17,0.66,11.2,6,0
438,0.41,0.55,3.2,0.076,22.0,54.0,3.15,0.89,9.9,6,0
439,0.62,0.18,1.5,0.062,7.0,50.0,3.08,0.6,9.3,5,0
440,0.31,0.72,2.2,0.07200000000000001,6.0,29.0,2.88,0.82,9.8,8,2
441,0.4,0.65,2.15,0.068,7.0,27.0,3.06,0.68,11.3,6,0
442,0.685,0.76,3.7,0.1,6.0,43.0,2.95,0.68,11.2,7,1
443,0.44,0.49,2.7,0.077,11.0,19.0,3.23,0.63,11.6,7,0
444,0.57,0.01,1.7,0.054000000000000006,5.0,27.0,3.57,0.84,12.5,7,0
445,0.735,0.1,2.1,0.079,6.0,31.0,3.23,0.56,10.1,6,0
446,0.38,0.6,2.6,0.081,31.0,72.0,3.1,0.73,10.5,5,0
447,0.48,0.29,2.1,0.127,6.0,16.0,3.22,0.72,11.2,5,1
448,0.53,0.22,2.0,0.1,7.0,27.0,3.2,0.56,10.2,6,0
449,0.39,0.69,2.8,0.095,17.0,35.0,3.1,0.61,10.8,6,0
450,0.39,0.69,2.8,0.095,17.0,35.0,3.1,0.61,10.8,6,0
451,0.37,0.53,1.8,0.413,9.0,26.0,3.06,1.06,9.1,6,2
452,0.56,0.03,1.7,0.084,18.0,35.0,3.44,0.63,10.0,6,0
453,0.33,0.63,2.8,0.084,5.0,22.0,3.26,0.74,11.2,7,0
454,0.23,0.4,1.6,0.063,21.0,67.0,3.5,0.63,11.1,5,0
455,0.62,0.67,5.2,0.086,6.0,19.0,3.22,0.69,13.4,8,2
456,0.59,0.39,2.3,0.095,5.0,22.0,3.37,0.58,10.3,5,0
457,0.63,0.21,2.7,0.09699999999999999,29.0,65.0,3.28,0.58,9.6,5,0
458,0.33,0.63,2.8,0.084,5.0,22.0,3.26,0.74,11.2,7,0
459,0.58,0.66,2.2,0.07400000000000001,10.0,47.0,3.25,0.57,9.0,3,1
460,0.43,0.52,2.3,0.083,14.0,23.0,3.35,0.61,11.3,6,0
461,0.615,0.22,2.6,0.087,6.0,19.0,3.26,0.61,9.3,5,0
462,0.26,0.68,2.55,0.085,10.0,25.0,3.18,0.61,11.8,5,0
463,0.66,0.7,2.2,0.098,25.0,129.0,3.08,0.53,9.0,5,1
464,0.315,0.54,2.1,0.084,5.0,15.0,2.98,0.7,9.2,6,0
465,0.29,0.4,2.9,0.098,10.0,26.0,3.48,0.91,9.7,5,0
466,0.5,0.42,2.0,0.069,21.0,51.0,3.16,0.72,11.5,6,0
467,0.46,0.45,2.6,0.065,7.0,18.0,3.32,0.79,14.0,6,1
468,0.36,0.69,2.1,0.09,6.0,21.0,3.17,0.62,9.2,6,0
469,0.82,0.02,1.2,0.07,36.0,48.0,3.2,0.58,9.8,5,0
470,0.32,0.65,2.6,0.09300000000000001,15.0,47.0,3.05,0.61,10.6,5,0
471,0.54,0.42,2.4,0.081,25.0,52.0,3.2,0.71,11.4,6,0
472,0.37,0.55,2.6,0.083,25.0,68.0,3.15,0.82,10.4,6,0
473,0.35,0.55,2.1,0.062,5.0,14.0,3.26,0.79,10.6,5,0
474,0.28,0.51,1.7,0.08,10.0,24.0,3.2,0.89,9.4,6,0
475,0.68,0.24,2.2,0.087,5.0,28.0,3.14,0.6,10.2,5,0
476,0.27,0.41,2.0,0.091,6.0,16.0,3.28,0.7,9.7,5,0
477,0.24,0.49,1.8,0.075,6.0,20.0,3.18,1.06,11.0,6,1
478,0.68,0.24,2.2,0.087,5.0,28.0,3.14,0.6,10.2,5,0
479,0.685,0.11,2.7,0.077,6.0,31.0,3.19,0.7,10.1,6,0
480,0.28,0.39,15.5,0.069,6.0,23.0,3.12,0.66,9.2,5,1
481,0.3,0.56,2.8,0.08,6.0,17.0,3.15,0.92,11.7,8,1
482,0.36,0.59,2.2,0.152,6.0,18.0,3.04,1.05,9.4,5,2
483,0.36,0.6,2.2,0.152,7.0,18.0,3.04,1.06,9.4,5,2
484,0.44,0.68,4.1,0.114,6.0,24.0,3.06,0.66,13.4,6,1
485,0.67,0.39,1.9,0.054000000000000006,6.0,17.0,3.17,0.47,10.0,5,0
486,0.67,0.39,1.9,0.054000000000000006,6.0,17.0,3.17,0.47,10.0,5,0
487,0.645,0.36,1.8,0.053,5.0,14.0,3.17,0.42,10.0,6,0
488,0.32,0.55,2.8,0.081,35.0,67.0,3.32,0.92,10.8,7,0
489,0.39,0.4,2.6,0.073,10.0,26.0,3.34,0.75,10.2,6,0
490,0.775,0.27,2.8,0.078,24.0,56.0,3.31,0.67,10.6,6,0
491,0.41,0.5,2.5,0.055,12.0,25.0,3.34,0.79,13.3,7,0
492,0.4,0.51,2.6,0.052000000000000005,13.0,27.0,3.32,0.9,13.4,7,0
493,0.69,0.31,3.0,0.086,23.0,81.0,3.48,0.74,11.6,6,0
494,0.39,0.23,8.3,0.051,28.0,91.0,3.44,0.55,12.1,6,1
495,0.35,0.53,2.6,0.07,5.0,16.0,3.15,0.65,11.0,8,1
496,0.52,0.25,1.9,0.081,14.0,38.0,3.43,0.65,9.0,6,0
497,0.34,0.32,2.5,0.09,43.0,113.0,3.32,0.79,11.1,5,1
498,0.35,0.53,2.6,0.07,5.0,16.0,3.15,0.65,11.0,8,1
499,0.69,0.31,3.0,0.086,23.0,81.0,3.48,0.74,11.6,6,0
500,0.52,0.25,1.9,0.081,14.0,38.0,3.43,0.65,9.0,6,0
501,0.44,0.73,6.55,0.07400000000000001,38.0,76.0,3.17,0.85,12.0,7,1
502,0.44,0.73,6.55,0.07400000000000001,38.0,76.0,3.17,0.85,12.0,7,1
503,0.26,0.47,1.9,0.078,6.0,24.0,3.18,1.04,10.9,7,1
504,0.24,0.42,1.8,0.077,6.0,22.0,3.21,1.05,10.8,7,1
505,0.49,0.63,2.9,0.07200000000000001,10.0,26.0,3.16,0.78,12.5,7,0
506,0.24,0.46,1.8,0.075,6.0,21.0,3.25,1.02,10.8,7,1
507,0.67,0.55,2.3,0.084,6.0,13.0,3.17,0.71,9.5,6,0
508,0.59,0.31,2.2,0.09,26.0,62.0,3.18,0.63,10.2,6,0
509,0.29,0.75,2.8,0.084,23.0,43.0,3.04,0.68,11.4,7,0
510,0.42,0.49,4.6,0.073,19.0,43.0,3.02,0.61,9.5,5,1
511,0.59,0.31,2.2,0.09,26.0,62.0,3.18,0.63,10.2,6,0
512,0.4,0.48,2.1,0.125,15.0,49.0,3.03,0.81,9.7,6,1
513,0.51,0.64,2.4,0.107,6.0,15.0,3.09,0.66,11.8,7,0
514,0.51,0.64,2.4,0.107,6.0,15.0,3.09,0.66,11.8,7,0
515,0.655,0.49,6.1,0.122,34.0,151.0,3.31,1.14,9.3,5,4
516,0.6,0.49,4.3,0.1,5.0,14.0,3.25,0.74,11.9,6,1
517,0.61,0.49,2.1,0.2,5.0,16.0,3.16,0.63,8.4,3,2
518,0.21,0.49,2.8,0.08800000000000001,11.0,32.0,3.22,0.68,11.7,6,0
519,0.365,0.49,2.5,0.08800000000000001,39.0,106.0,3.36,0.78,11.0,5,0
520,0.25,0.49,2.7,0.08800000000000001,15.0,33.0,3.42,0.9,10.0,6,0
521,0.41,0.49,2.0,0.08800000000000001,16.0,43.0,3.48,0.64,9.1,5,0
522,0.39,0.49,2.3,0.099,47.0,133.0,3.38,0.99,9.8,5,2
523,0.4,0.49,2.5,0.085,38.0,142.0,3.22,0.55,9.4,5,1
524,0.43,0.49,2.4,0.086,23.0,116.0,3.23,0.64,9.5,5,0
525,0.64,0.24,2.8,0.105,29.0,53.0,3.24,0.67,9.9,5,0
526,0.365,0.49,2.5,0.08800000000000001,39.0,106.0,3.36,0.78,11.0,5,0
527,0.38,0.49,2.5,0.09699999999999999,33.0,85.0,3.39,0.77,11.4,6,0
528,0.42,0.49,2.6,0.084,32.0,55.0,3.34,0.75,8.7,6,0
529,0.63,0.24,2.4,0.077,6.0,33.0,3.09,0.57,9.4,5,0
530,0.22,0.24,2.1,0.078,1.0,28.0,3.41,0.87,10.3,6,0
531,0.38,0.49,2.7,0.098,12.0,42.0,3.16,0.61,10.3,5,0
532,0.38,0.49,2.7,0.098,12.0,42.0,3.16,0.61,10.3,5,0
533,0.27,0.24,2.1,0.07200000000000001,15.0,33.0,3.22,0.66,12.8,6,0
534,0.48,0.24,2.7,0.102,13.0,32.0,3.28,0.56,10.0,6,0
535,0.22,0.24,2.1,0.078,1.0,28.0,3.41,0.87,10.3,6,0
536,0.63,0.24,2.4,0.077,6.0,33.0,3.09,0.57,9.4,5,0
537,0.825,0.24,2.1,0.084,5.0,13.0,3.37,0.77,10.7,6,0
538,0.35,0.49,5.8,0.066,5.0,35.0,3.2,0.66,12.0,7,1
539,0.5,0.74,5.15,0.1,5.0,17.0,3.22,0.62,11.2,5,1
540,0.59,0.24,3.3,0.10099999999999999,20.0,47.0,3.26,0.67,9.6,5,0
541,0.46,0.49,6.3,0.064,5.0,17.0,3.21,0.73,11.0,6,1
542,0.715,0.24,2.1,0.07,5.0,20.0,3.12,0.59,9.9,5,0
543,0.66,0.24,2.5,0.085,16.0,53.0,3.06,0.72,11.0,6,0
544,0.31,0.74,1.8,0.075,6.0,15.0,2.86,0.79,8.4,6,1
545,0.47,0.49,2.6,0.094,38.0,106.0,3.08,0.59,9.1,5,0
546,0.55,0.24,2.0,0.078,10.0,28.0,3.45,0.78,9.5,6,0
547,0.31,0.49,2.5,0.067,6.0,21.0,3.26,0.86,10.7,6,0
548,0.35,0.49,2.6,0.079,27.0,69.0,3.12,0.75,10.4,6,0
549,0.53,0.49,1.9,0.171,6.0,25.0,3.27,0.61,9.4,6,1
550,0.51,0.01,2.1,0.07400000000000001,9.0,25.0,3.33,0.56,9.5,6,0
551,0.43,0.24,2.8,0.092,14.0,45.0,3.19,0.73,10.0,6,0
552,0.46,0.24,2.7,0.092,14.0,44.0,3.12,0.74,10.0,6,0
553,1.04,0.24,1.6,0.05,32.0,96.0,3.74,0.62,11.5,5,2
554,0.645,0.49,4.2,0.095,10.0,23.0,2.92,0.74,11.1,5,1
555,0.645,0.49,4.2,0.095,10.0,23.0,2.92,0.74,11.1,5,1
556,0.53,0.49,4.6,0.11800000000000001,10.0,17.0,3.07,0.56,11.7,6,1
557,0.645,0.49,4.2,0.095,10.0,23.0,2.92,0.74,11.1,5,1
558,0.53,0.49,4.6,0.11800000000000001,10.0,17.0,3.07,0.56,11.7,6,1
559,0.47,0.49,4.3,0.085,6.0,47.0,3.3,0.68,12.7,6,1
560,0.6,0.49,2.8,0.075,5.0,19.0,3.14,0.57,11.4,5,0
561,0.44,0.49,2.4,0.078,26.0,121.0,3.23,0.58,9.2,5,0
562,0.54,0.49,2.9,0.094,41.0,110.0,3.08,0.61,9.2,5,0
563,0.29,0.49,2.7,0.092,25.0,60.0,3.31,0.61,10.1,6,0
564,0.47,0.49,4.3,0.085,6.0,47.0,3.3,0.68,12.7,6,1
565,0.6,0.49,2.8,0.075,5.0,19.0,3.14,0.57,11.4,5,0
566,0.7,0.24,2.5,0.226,5.0,15.0,3.32,0.6,9.0,6,1
567,0.7,0.24,2.5,0.226,5.0,15.0,3.32,0.6,9.0,6,1
568,0.5,0.49,2.6,0.25,5.0,20.0,3.31,0.79,10.7,6,1
569,0.36,0.24,2.2,0.095,19.0,42.0,3.57,0.57,11.7,6,0
570,0.35,0.49,3.3,0.07,10.0,37.0,3.32,0.91,11.0,6,0
571,0.36,0.24,2.2,0.095,19.0,42.0,3.57,0.57,11.7,6,0
572,0.24,0.49,2.4,0.075,10.0,28.0,3.14,0.61,10.4,5,0
573,0.59,0.49,2.1,0.07,14.0,47.0,3.3,0.56,9.6,4,0
574,0.34,0.49,3.2,0.078,20.0,78.0,3.19,0.7,10.0,6,0
575,0.27,0.49,3.1,0.079,28.0,46.0,3.2,0.8,10.2,6,0
576,0.5,0.24,2.3,0.10300000000000001,6.0,14.0,3.34,0.52,10.0,4,0
577,0.44,0.49,2.8,0.083,18.0,111.0,3.3,0.6,9.5,5,0
578,0.47,0.49,2.9,0.085,17.0,110.0,3.29,0.6,9.8,5,0
579,0.31,0.49,2.2,0.063,18.0,40.0,3.14,0.51,9.8,6,0
580,0.5,0.49,2.2,0.08900000000000001,5.0,14.0,3.19,0.44,9.6,5,0
581,0.5,0.49,2.2,0.08900000000000001,5.0,14.0,3.19,0.44,9.6,5,0
582,0.49,0.49,2.2,0.083,5.0,15.0,3.19,0.43,9.2,5,0
583,0.28,0.49,1.9,0.07400000000000001,10.0,21.0,2.98,0.66,9.9,7,0
584,0.33,0.49,3.4,0.09300000000000001,54.0,80.0,3.3,0.76,10.7,7,1
585,0.51,0.24,2.4,0.091,8.0,38.0,3.47,0.66,9.6,6,0
586,0.31,0.49,2.7,0.094,16.0,47.0,3.12,1.02,10.6,7,1
587,0.73,0.24,1.9,0.10800000000000001,18.0,102.0,3.26,0.59,9.3,5,0
588,0.42,0.24,2.0,0.06,19.0,50.0,3.72,0.74,14.0,8,3
589,0.29,0.49,2.6,0.059000000000000004,5.0,13.0,3.05,0.74,10.5,7,0
590,0.45,0.49,2.6,0.084,21.0,75.0,3.35,0.57,9.7,5,0
591,0.39,0.49,1.7,0.07,23.0,149.0,3.12,0.5,11.5,6,1
592,0.45,0.49,2.6,0.084,21.0,75.0,3.35,0.57,9.7,5,0
593,0.49,0.58,3.5,0.094,9.0,43.0,3.29,0.58,9.0,5,0
594,0.72,0.17,2.6,0.096,20.0,38.0,3.4,0.53,9.5,5,0
595,0.595,0.41,7.9,0.086,30.0,109.0,3.27,0.57,9.3,5,1
596,0.4,0.51,2.0,0.059000000000000004,6.0,24.0,3.04,0.6,9.3,6,0
597,0.58,0.58,1.9,0.071,5.0,18.0,3.09,0.63,10.0,6,0
598,0.585,0.18,2.1,0.078,5.0,30.0,3.2,0.48,9.8,6,0
599,0.59,0.45,2.3,0.08199999999999999,11.0,22.0,3.0,0.7,9.3,6,0
600,0.915,0.27,2.1,0.08800000000000001,7.0,23.0,3.26,0.47,10.0,4,0
601,0.46,0.52,2.2,0.071,12.0,35.0,3.1,0.56,9.0,6,0
602,0.835,0.0,2.6,0.081,6.0,14.0,3.3,0.52,9.3,5,0
603,0.46,0.52,2.2,0.071,12.0,35.0,3.1,0.56,9.0,6,0
604,0.58,0.13,2.9,0.096,14.0,63.0,3.17,0.62,9.1,6,0
605,0.6,0.13,2.6,0.085,6.0,24.0,3.31,0.59,9.2,6,0
606,0.41,0.48,4.6,0.07200000000000001,10.0,20.0,3.34,0.79,12.2,7,1
607,0.48,0.41,3.3,0.092,26.0,52.0,3.31,0.53,10.5,6,0
608,0.65,0.37,5.1,0.11,11.0,65.0,3.32,0.64,10.4,6,1
609,0.36,0.19,3.2,0.075,15.0,39.0,3.56,0.52,12.7,6,0
610,0.24,0.54,2.5,0.083,25.0,57.0,3.39,0.54,9.2,5,0
611,0.38,0.55,2.7,0.081,5.0,16.0,2.98,0.54,9.4,5,0
612,0.64,0.0,2.4,0.077,18.0,29.0,3.32,0.6,10.0,6,0
613,0.39,0.38,1.5,0.057999999999999996,10.0,29.0,3.26,0.74,9.8,5,0
614,0.755,0.18,2.2,0.14800000000000002,10.0,103.0,2.87,1.36,10.2,6,3
615,0.6,0.5,2.3,0.079,28.0,71.0,3.5,0.57,9.7,5,0
616,0.6,0.5,2.3,0.079,28.0,71.0,3.5,0.57,9.7,5,0
617,0.31,0.51,2.2,0.079,14.0,28.0,3.03,0.93,9.8,6,0
618,0.46,0.5,2.7,0.122,4.0,17.0,3.13,0.7,10.2,5,1
619,0.37,0.41,2.3,0.08800000000000001,6.0,16.0,3.09,0.8,9.3,5,0
620,0.54,0.24,3.4,0.076,16.0,112.0,3.27,0.61,9.4,5,0
621,0.56,0.23,3.4,0.078,14.0,104.0,3.28,0.62,9.4,5,0
622,0.58,0.22,1.9,0.08,9.0,32.0,3.13,0.55,9.5,5,0
623,0.51,0.25,2.9,0.077,21.0,45.0,3.49,0.96,12.1,6,0
624,0.69,0.0,5.6,0.124,21.0,58.0,3.46,0.72,10.2,5,2
625,0.69,0.0,5.6,0.124,21.0,58.0,3.46,0.72,10.2,5,2
626,0.6,0.29,2.2,0.098,5.0,15.0,3.36,0.49,9.1,5,0
627,0.6,0.29,2.2,0.098,5.0,15.0,3.36,0.49,9.1,5,0
628,0.54,0.26,2.5,0.09699999999999999,7.0,31.0,3.27,0.6,9.3,6,0
629,0.685,0.23,2.3,0.111,20.0,84.0,3.21,0.61,9.3,5,0
630,0.54,0.26,2.5,0.09699999999999999,7.0,31.0,3.27,0.6,9.3,6,0
631,0.28,0.54,2.7,0.105,5.0,19.0,3.25,0.63,9.5,5,0
632,0.41,0.14,3.0,0.087,21.0,43.0,3.32,0.57,10.5,6,0
633,0.935,0.22,3.4,0.105,11.0,86.0,3.43,0.64,11.3,4,0
634,0.35,0.21,1.9,0.073,46.0,102.0,3.27,0.58,9.5,5,1
635,0.84,0.0,1.4,0.065,24.0,33.0,3.27,0.55,9.7,5,0
636,0.88,0.28,2.4,0.086,30.0,147.0,3.24,0.53,9.4,5,1
637,0.885,0.27,2.3,0.084,31.0,145.0,3.24,0.53,9.4,5,1
638,0.915,0.12,2.2,0.14300000000000002,7.0,23.0,3.35,0.65,10.2,7,1
639,0.29,0.35,1.9,0.067,25.0,57.0,3.18,1.36,10.3,6,1
640,0.54,0.45,2.3,0.071,16.0,40.0,3.39,0.62,9.4,5,0
641,0.59,0.44,2.3,0.071,21.0,68.0,3.46,0.63,9.5,5,0
642,0.54,0.45,2.3,0.071,16.0,40.0,3.39,0.62,9.4,5,0
643,0.59,0.44,2.3,0.071,21.0,68.0,3.46,0.63,9.5,5,0
644,0.54,0.45,2.3,0.071,16.0,40.0,3.39,0.62,9.4,5,0
645,0.64,0.1,6.0,0.115,5.0,11.0,3.37,0.69,10.1,7,1
646,0.67,0.05,3.6,0.107,6.0,20.0,3.4,0.63,10.1,5,0
647,0.845,0.01,2.2,0.07,5.0,14.0,3.32,0.58,11.0,4,0
648,0.48,0.3,2.8,0.066,10.0,28.0,3.33,0.67,11.2,7,0
649,0.42,0.27,8.6,0.068,24.0,148.0,3.16,0.57,11.3,6,2
650,0.43,0.39,2.2,0.106,8.0,32.0,2.89,0.5,9.6,5,1
651,0.88,0.25,2.5,0.10400000000000001,35.0,155.0,3.41,0.67,11.2,5,1
652,0.36,0.65,7.5,0.096,22.0,71.0,2.98,0.84,14.9,5,2
653,0.33,0.59,2.8,0.079,9.0,30.0,3.12,0.54,12.0,6,0
654,0.47,0.47,2.4,0.07400000000000001,7.0,29.0,3.08,0.46,9.5,5,0
655,0.55,0.17,2.9,0.087,20.0,53.0,3.14,0.61,9.4,5,0
656,0.43,0.39,2.2,0.106,8.0,32.0,2.89,0.5,9.6,5,1
657,0.5,0.59,1.4,0.073,23.0,42.0,2.92,0.68,10.5,7,0
658,0.52,0.07,1.4,0.07400000000000001,5.0,20.0,3.32,0.81,9.6,6,0
659,0.84,0.02,4.4,0.096,5.0,13.0,3.41,0.57,11.0,4,1
660,0.52,0.07,1.4,0.07400000000000001,5.0,20.0,3.32,0.81,9.6,6,0
661,0.42,0.31,1.6,0.08,15.0,42.0,3.31,0.64,9.0,5,0
662,0.57,0.06,1.6,0.076,9.0,27.0,3.36,0.7,9.6,6,0
663,0.28,0.46,1.8,0.05,5.0,13.0,3.04,0.79,10.2,6,0
664,0.4,0.52,2.0,0.092,15.0,54.0,3.03,0.66,10.2,5,0
665,0.59,0.14,2.0,0.084,25.0,48.0,3.14,0.56,9.7,5,0
666,0.49,0.36,1.8,0.222,6.0,16.0,3.18,0.6,9.5,6,1
667,0.34,0.45,2.0,0.08199999999999999,6.0,15.0,2.94,0.66,9.2,6,0
668,0.73,0.43,2.3,0.059000000000000004,15.0,31.0,3.15,0.57,11.0,5,0
669,0.34,0.45,2.0,0.08199999999999999,6.0,15.0,2.94,0.66,9.2,6,0
670,0.4,0.24,2.5,0.083,30.0,45.0,3.26,0.58,10.0,5,0
671,0.73,0.21,1.7,0.07400000000000001,5.0,13.0,3.2,0.52,9.5,5,0
672,1.24,0.34,2.0,0.079,32.0,151.0,3.15,0.53,9.5,5,2
673,0.73,0.21,1.7,0.07400000000000001,5.0,13.0,3.2,0.52,9.5,5,0
674,0.4,0.41,2.2,0.084,7.0,17.0,3.08,0.67,9.3,6,0
675,0.41,0.39,2.2,0.064,12.0,31.0,3.26,0.65,10.2,5,0
676,0.4,0.41,2.2,0.084,7.0,17.0,3.08,0.67,9.3,6,0
677,0.8,0.11,2.3,0.084,12.0,31.0,3.4,0.48,9.9,5,0
678,0.78,0.1,2.6,0.081,45.0,87.0,3.48,0.53,10.0,5,1
679,0.26,0.45,3.3,0.06,20.0,49.0,3.13,0.54,9.6,5,0
680,0.43,0.58,1.9,0.07,15.0,40.0,3.06,0.49,9.0,5,0
681,0.45,0.23,2.2,0.094,16.0,29.0,3.21,0.49,10.2,6,0
682,0.46,0.31,2.25,0.078,32.0,58.0,3.33,0.54,9.8,5,0
683,0.78,0.23,2.6,0.059000000000000004,5.0,15.0,3.37,0.56,11.3,5,0
684,0.98,0.32,2.3,0.078,35.0,152.0,3.25,0.48,9.4,5,1
685,0.78,0.23,2.6,0.059000000000000004,5.0,15.0,3.37,0.56,11.3,5,0
686,0.65,0.18,1.8,0.07,13.0,40.0,3.44,0.6,9.1,5,0
687,0.64,0.23,3.1,0.095,13.0,38.0,3.28,0.59,9.7,5,0
688,0.66,0.04,1.6,0.039,4.0,9.0,3.4,0.47,9.4,5,1
689,0.38,0.48,1.8,0.157,5.0,17.0,3.3,1.05,9.4,5,2
690,1.185,0.0,4.25,0.09699999999999999,5.0,14.0,3.63,0.54,10.7,3,3
691,0.92,0.24,2.6,0.087,12.0,93.0,3.48,0.54,9.8,5,0
692,0.49,0.51,2.0,0.42200000000000004,16.0,62.0,3.03,1.17,9.0,5,2
693,0.48,0.32,2.8,0.084,21.0,122.0,3.32,0.62,9.4,5,0
694,0.47,0.31,2.7,0.084,24.0,125.0,3.31,0.61,9.4,5,1
695,0.47,0.02,1.3,0.034,18.0,44.0,3.9,0.62,12.8,6,2
696,0.65,0.02,2.1,0.066,8.0,25.0,3.47,0.67,9.5,6,0
697,0.65,0.02,2.1,0.066,8.0,25.0,3.47,0.67,9.5,6,0
698,0.615,0.28,3.2,0.087,18.0,72.0,3.31,0.53,9.7,5,0
699,0.38,0.55,2.1,0.071,5.0,19.0,3.11,0.62,10.8,6,0
700,1.02,0.43,2.9,0.076,26.0,88.0,3.08,0.57,10.1,6,0
701,0.65,0.02,2.1,0.066,8.0,25.0,3.47,0.67,9.5,6,0
702,0.64,0.02,2.1,0.067,9.0,23.0,3.47,0.67,9.4,6,0
703,0.38,0.48,2.6,0.073,22.0,84.0,3.32,0.7,9.6,4,0
704,0.765,0.04,1.6,0.078,4.0,14.0,3.29,0.54,9.7,4,0
705,1.035,0.15,6.0,0.073,11.0,54.0,3.37,0.49,9.9,5,2
706,0.78,0.08,2.0,0.09300000000000001,10.0,19.0,3.4,0.47,10.0,5,0
707,0.49,0.19,3.0,0.077,16.0,37.0,3.37,0.51,10.5,5,0
708,0.545,0.12,2.5,0.068,11.0,35.0,3.34,0.61,11.6,6,0
709,0.31,0.47,1.6,0.062,13.0,33.0,3.27,0.66,10.0,6,0
710,1.025,0.43,2.8,0.08,21.0,84.0,3.06,0.57,10.1,5,1
711,0.565,0.34,3.0,0.09300000000000001,16.0,112.0,3.38,0.61,9.5,5,0
712,0.69,0.0,3.2,0.084,13.0,33.0,3.36,0.45,9.4,5,0
713,0.43,0.36,2.3,0.075,10.0,48.0,3.34,0.46,9.4,5,0
714,0.74,0.28,2.6,0.078,21.0,77.0,3.28,0.51,9.8,5,0
715,0.49,0.18,2.7,0.069,13.0,34.0,3.29,0.48,9.2,6,0
716,0.43,0.36,2.3,0.075,10.0,48.0,3.34,0.46,9.4,5,0
717,0.46,0.11,2.6,0.079,12.0,49.0,3.21,0.57,10.0,5,0
718,0.56,0.04,2.0,0.08199999999999999,10.0,22.0,3.22,0.44,9.6,5,0
719,0.66,0.0,3.9,0.086,17.0,45.0,3.46,0.54,9.5,5,1
720,0.56,0.04,2.0,0.08199999999999999,10.0,22.0,3.22,0.44,9.6,5,0
721,0.48,0.24,2.85,0.094,35.0,106.0,3.1,0.53,9.2,5,0
722,0.42,0.08,2.7,0.084,15.0,48.0,3.21,0.59,10.0,5,0
723,0.31,0.3,2.2,0.053,36.0,127.0,2.94,1.62,9.5,5,2
724,1.115,0.1,3.1,0.086,5.0,12.0,3.54,0.6,11.2,4,1
725,0.66,0.17,3.0,0.077,5.0,13.0,3.29,0.55,10.4,5,0
726,0.72,0.09,2.8,0.084,18.0,49.0,3.43,0.72,11.1,6,0
727,0.57,0.02,1.8,0.067,4.0,11.0,3.46,0.68,9.5,5,0
728,0.57,0.02,1.8,0.067,4.0,11.0,3.46,0.68,9.5,5,0
729,0.865,0.03,3.2,0.071,27.0,58.0,3.61,0.49,12.7,6,0
730,0.55,0.66,2.3,0.387,12.0,37.0,3.17,0.67,9.6,5,1
731,0.875,0.13,3.45,0.08800000000000001,4.0,14.0,3.44,0.52,11.5,5,0
732,0.835,0.03,2.1,0.092,10.0,19.0,3.39,0.47,9.6,5,0
733,0.45,0.34,2.7,0.08199999999999999,16.0,72.0,3.55,0.6,9.5,5,0
734,0.56,0.2,2.0,0.075,9.0,39.0,3.48,0.62,9.3,5,0
735,0.965,0.1,2.1,0.11199999999999999,11.0,22.0,3.26,0.5,9.5,5,0
736,0.965,0.1,2.1,0.11199999999999999,11.0,22.0,3.26,0.5,9.5,5,0
737,0.59,0.0,2.5,0.09300000000000001,19.0,58.0,3.5,0.65,9.3,6,0
738,0.46,0.23,2.8,0.092,28.0,104.0,3.1,0.56,9.2,5,0
739,0.69,0.0,2.4,0.08800000000000001,19.0,38.0,3.35,0.6,9.3,5,0
740,0.76,0.29,4.2,0.075,12.0,16.0,3.45,0.68,11.5,6,1
741,0.53,0.24,2.6,0.078,28.0,139.0,3.21,0.57,9.5,5,1
742,0.615,0.0,1.9,0.065,9.0,18.0,3.46,0.65,9.2,5,0
743,0.41,0.58,2.8,0.096,25.0,101.0,3.13,0.53,10.0,5,0
744,0.39,0.54,2.7,0.095,21.0,101.0,3.13,0.51,9.5,5,0
745,0.51,0.18,2.1,0.07,12.0,28.0,3.52,0.73,9.5,6,0
746,0.34,0.38,2.5,0.08,12.0,57.0,3.3,0.47,9.0,6,0
747,0.33,0.4,2.6,0.083,16.0,68.0,3.3,0.48,9.4,5,0
748,0.5,0.18,2.1,0.071,12.0,31.0,3.52,0.72,9.6,6,0
749,0.51,0.18,2.1,0.07,12.0,28.0,3.52,0.73,9.5,6,0
750,0.65,0.1,2.9,0.08900000000000001,17.0,40.0,3.29,0.55,9.5,5,0
751,0.65,0.1,2.9,0.08900000000000001,17.0,40.0,3.29,0.55,9.5,5,0
752,0.54,0.13,2.5,0.09699999999999999,24.0,66.0,3.39,0.61,9.4,5,0
753,0.65,0.1,2.9,0.08900000000000001,17.0,40.0,3.29,0.55,9.5,5,0
754,0.48,0.68,1.7,0.415,14.0,32.0,3.09,1.06,9.1,6,2
755,0.91,0.07,1.9,0.057999999999999996,22.0,47.0,3.51,0.43,10.7,6,0
756,0.98,0.01,2.0,0.057,15.0,33.0,3.6,0.46,11.2,6,0
757,0.87,0.0,2.2,0.084,10.0,31.0,3.25,0.5,9.8,5,0
758,0.87,0.0,2.2,0.084,10.0,31.0,3.25,0.5,9.8,5,0
759,0.42,0.21,2.5,0.092,33.0,88.0,3.19,0.52,9.2,5,0
760,0.58,0.25,2.8,0.075,9.0,104.0,3.23,0.57,9.7,5,0
761,0.655,0.26,2.0,0.096,5.0,35.0,3.25,0.42,9.6,5,0
762,0.7,0.0,1.7,0.069,8.0,19.0,3.31,0.53,10.0,6,0
763,0.655,0.26,2.0,0.096,5.0,35.0,3.25,0.42,9.6,5,0
764,0.68,0.11,2.8,0.09300000000000001,11.0,44.0,3.31,0.55,9.5,6,0
765,0.67,0.1,3.0,0.091,12.0,48.0,3.31,0.54,9.5,6,0
766,0.59,0.18,2.9,0.08900000000000001,12.0,74.0,3.14,0.54,9.4,5,0
767,0.6,0.32,2.7,0.10300000000000001,13.0,98.0,3.45,0.62,9.5,5,0
768,0.59,0.02,2.3,0.08199999999999999,24.0,94.0,3.55,0.53,9.7,6,0
769,0.72,0.01,1.9,0.076,7.0,32.0,3.39,0.54,9.6,5,0
770,0.59,0.02,2.3,0.08199999999999999,24.0,94.0,3.55,0.53,9.7,6,0
771,0.685,0.26,2.4,0.08199999999999999,23.0,143.0,3.28,0.55,9.4,5,1
772,0.57,0.27,2.3,0.08199999999999999,23.0,144.0,3.27,0.55,9.4,5,1
773,0.4,0.29,1.8,0.157,1.0,44.0,3.3,0.92,9.5,6,1
774,0.4,0.3,1.8,0.157,2.0,45.0,3.31,0.91,9.5,6,1
775,1.0,0.0,3.0,0.102,7.0,16.0,3.43,0.46,10.0,5,0
776,0.765,0.18,2.4,0.243,5.5,48.0,3.4,0.6,10.3,6,1
777,0.635,0.17,2.4,0.24100000000000002,6.0,18.0,3.4,0.59,10.3,6,1
778,0.43,0.3,3.4,0.079,7.0,34.0,3.36,0.61,10.5,5,0
779,0.52,0.03,2.6,0.076,21.0,92.0,3.5,0.6,9.8,5,0
780,0.57,0.0,2.0,0.19,12.0,45.0,3.31,0.6,9.4,6,1
781,0.46,0.14,2.4,0.114,9.0,37.0,3.66,0.65,9.8,5,0
782,0.82,0.05,2.4,0.081,26.0,96.0,3.36,0.53,10.0,5,0
783,0.46,0.14,2.4,0.114,9.0,37.0,3.66,0.65,9.8,5,0
784,0.59,0.01,2.5,0.077,20.0,85.0,3.55,0.59,9.8,5,0
785,0.35,0.41,2.3,0.083,11.0,61.0,3.21,0.5,9.5,5,0
786,0.35,0.41,2.3,0.083,11.0,61.0,3.21,0.5,9.5,5,0
787,0.56,0.24,2.2,0.079,19.0,58.0,3.18,0.56,10.1,6,0
788,0.56,0.24,2.2,0.079,19.0,58.0,3.18,0.56,10.1,6,0
789,0.63,0.17,2.9,0.099,21.0,119.0,3.09,0.52,9.3,5,0
790,0.37,0.43,2.6,0.08199999999999999,18.0,82.0,3.33,0.68,9.7,6,0
791,0.64,0.17,2.9,0.084,25.0,130.0,3.23,0.54,9.6,5,1
792,0.61,0.02,2.5,0.081,17.0,87.0,3.48,0.6,9.7,6,0
793,0.6,0.0,2.6,0.055,7.0,13.0,3.38,0.56,10.8,5,0
794,0.27,0.54,2.3,0.065,7.0,26.0,3.17,0.53,12.5,6,0
795,0.89,0.3,2.6,0.132,7.0,60.0,2.99,1.18,10.2,5,2
796,0.46,0.31,2.5,0.126,24.0,64.0,3.1,0.74,9.6,5,1
797,0.37,0.44,1.6,0.038,21.0,42.0,3.24,0.81,10.8,7,1
798,0.5,0.34,3.6,0.08199999999999999,5.0,14.0,3.29,0.52,10.7,6,0
799,0.5,0.34,3.6,0.08199999999999999,5.0,14.0,3.29,0.52,10.7,6,0
800,0.61,0.08,4.0,0.08199999999999999,26.0,108.0,3.25,0.51,9.4,5,1
801,0.55,0.09,3.3,0.068,8.0,17.0,3.23,0.44,10.0,5,0
802,0.585,0.0,1.7,0.044000000000000004,14.0,86.0,3.56,0.94,12.9,7,0
803,0.56,0.08,2.5,0.114,14.0,46.0,3.24,0.66,9.6,6,0
804,0.52,0.22,2.7,0.084,4.0,18.0,3.26,0.57,9.9,6,0
805,0.28,0.4,2.4,0.052000000000000005,4.0,10.0,3.33,0.7,12.8,7,0
806,0.25,0.39,2.0,0.040999999999999995,4.0,10.0,3.27,0.71,12.5,7,0
807,0.28,0.4,2.4,0.052000000000000005,4.0,10.0,3.33,0.7,12.8,7,0
808,0.53,0.12,1.9,0.165,4.0,12.0,3.26,0.86,9.2,5,1
809,0.48,0.31,2.8,0.07,4.0,15.0,3.22,0.55,10.3,6,0
810,0.49,0.1,2.6,0.068,4.0,14.0,3.3,0.47,10.5,5,0
811,0.5,0.55,2.8,0.07200000000000001,7.0,24.0,3.09,0.68,10.9,6,0
812,0.45,0.33,2.5,0.099,20.0,38.0,3.24,0.71,10.8,5,0
813,0.39,0.24,2.1,0.102,4.0,7.0,3.44,0.58,11.4,4,0
814,0.41,0.54,2.8,0.10300000000000001,19.0,41.0,3.21,0.76,11.3,6,0
815,0.45,0.33,2.5,0.099,20.0,38.0,3.24,0.71,10.8,5,0
816,0.51,0.19,3.2,0.081,8.0,30.0,3.23,0.58,10.5,6,0
817,0.29,0.42,1.6,0.084,19.0,27.0,3.28,0.73,11.9,6,0
818,0.715,0.0,2.35,0.071,21.0,47.0,3.29,0.45,9.4,5,0
819,0.66,0.15,3.2,0.09699999999999999,9.0,59.0,3.28,0.54,9.6,5,0
820,0.685,0.0,1.9,0.099,9.0,22.0,3.34,0.6,9.7,5,0
821,0.42,0.0,2.1,0.048,16.0,42.0,3.71,0.74,14.0,7,2
822,0.54,0.13,2.0,0.076,15.0,36.0,3.61,0.64,9.8,5,0
823,0.54,0.13,2.0,0.076,15.0,36.0,3.61,0.64,9.8,5,0
824,0.48,0.28,2.8,0.068,6.0,16.0,3.24,0.53,10.3,5,0
825,0.46,0.14,2.8,0.076,15.0,37.0,3.36,0.49,10.7,5,0
826,0.27,0.34,2.3,0.05,4.0,8.0,3.4,0.64,11.0,7,0
827,0.46,0.14,2.8,0.076,15.0,37.0,3.36,0.49,10.7,5,0
828,0.57,0.09,2.3,0.065,34.0,45.0,3.46,0.74,12.7,8,1
829,0.61,0.08,2.1,0.071,16.0,24.0,3.56,0.77,11.1,6,0
830,0.685,0.07,2.5,0.057999999999999996,5.0,9.0,3.38,0.55,10.9,4,0
831,0.61,0.08,2.1,0.071,16.0,24.0,3.56,0.77,11.1,6,0
832,0.44,0.42,1.5,0.145,34.0,48.0,3.38,0.86,9.9,3,2
833,0.47,0.44,1.6,0.147,36.0,51.0,3.38,0.86,9.9,4,1
834,0.685,0.26,1.6,0.08800000000000001,16.0,23.0,3.32,0.47,9.4,5,0
835,0.665,0.1,1.5,0.066,27.0,55.0,3.39,0.51,9.3,5,0
836,0.28,0.28,2.4,0.012,36.0,100.0,3.26,0.39,11.7,7,1
837,0.28,0.28,2.4,0.012,36.0,100.0,3.26,0.39,11.7,7,1
838,0.31,0.35,1.6,0.075,9.0,28.0,3.24,0.83,11.2,7,0
839,0.5,0.04,2.2,0.092,13.0,26.0,3.46,0.47,10.0,5,0
840,0.42,0.47,2.65,0.085,9.0,34.0,3.24,0.77,12.1,7,0
841,0.66,0.0,3.0,0.115,21.0,31.0,3.45,0.63,10.3,5,0
842,0.5,0.45,2.6,0.11900000000000001,34.0,68.0,3.23,0.72,10.9,6,0
843,0.685,0.35,2.0,0.08800000000000001,9.0,92.0,3.28,0.62,9.4,5,0
844,0.25,0.46,1.7,0.062,26.0,42.0,3.18,0.83,10.6,6,0
845,0.64,0.21,1.8,0.081,14.0,31.0,3.59,0.66,9.8,5,0
846,0.64,0.21,1.8,0.081,14.0,31.0,3.59,0.66,9.8,5,0
847,0.68,0.16,1.8,0.078,12.0,39.0,3.5,0.7,9.9,6,0
848,0.64,0.21,1.8,0.081,14.0,31.0,3.59,0.66,9.8,5,0
849,0.63,0.21,1.6,0.08,12.0,32.0,3.58,0.66,9.8,5,0
850,0.43,0.44,1.9,0.085,9.0,22.0,3.28,0.55,9.5,5,0
851,0.43,0.44,1.9,0.085,9.0,22.0,3.28,0.55,9.5,5,0
852,0.42,0.32,2.5,0.08,26.0,122.0,3.22,1.07,9.7,5,1
853,0.36,0.39,1.5,0.08,41.0,55.0,3.47,0.73,10.9,6,0
854,0.36,0.39,1.5,0.08,41.0,55.0,3.47,0.73,10.9,6,0
855,0.735,0.02,2.5,0.071,10.0,14.0,3.51,0.71,11.7,7,0
856,0.36,0.39,1.5,0.08,41.0,55.0,3.47,0.73,10.9,6,0
857,0.26,0.34,2.5,0.073,16.0,47.0,3.4,0.78,11.3,7,0
858,0.28,0.47,1.7,0.054000000000000006,17.0,32.0,3.15,0.67,10.6,7,0
859,0.56,0.22,1.8,0.07400000000000001,15.0,24.0,3.4,0.82,11.2,6,0
860,0.62,0.06,2.7,0.077,15.0,85.0,3.51,0.54,9.5,5,0
861,1.01,0.66,2.0,0.039,15.0,88.0,3.66,0.6,11.5,6,1
862,0.42,0.32,2.7,0.067,7.0,25.0,3.24,0.44,10.4,5,0
863,0.62,0.06,2.5,0.078,17.0,84.0,3.51,0.53,9.7,5,0
864,0.62,0.06,2.7,0.077,15.0,85.0,3.51,0.54,9.5,5,0
865,0.635,0.07,2.6,0.077,16.0,86.0,3.51,0.54,9.7,5,0
866,0.49,0.22,2.3,0.071,13.0,24.0,3.41,0.83,11.3,6,0
867,0.51,0.23,2.0,0.07200000000000001,13.0,22.0,3.4,0.84,11.2,6,0
868,0.56,0.22,1.8,0.07400000000000001,15.0,24.0,3.4,0.82,11.2,6,0
869,0.63,0.03,2.0,0.08,27.0,43.0,3.44,0.64,10.9,6,0
870,0.715,0.01,2.1,0.064,31.0,43.0,3.41,0.57,11.8,6,0
871,0.56,0.03,1.5,0.086,36.0,46.0,3.53,0.57,10.6,5,0
872,0.35,0.24,2.0,0.067,28.0,48.0,3.43,0.54,10.0,4,0
873,0.21,0.37,1.6,0.067,6.0,10.0,3.23,0.58,11.1,7,0
874,0.38,0.46,2.1,0.10400000000000001,6.0,10.0,3.12,0.65,11.8,7,0
875,0.31,0.4,2.8,0.109,7.0,16.0,3.31,0.79,11.8,7,0
876,0.47,0.0,2.2,0.067,7.0,14.0,3.4,0.58,10.9,4,0
877,0.715,0.01,2.1,0.064,31.0,43.0,3.41,0.57,11.8,6,0
878,0.61,0.19,4.0,0.094,30.0,69.0,3.22,0.5,10.0,6,1
879,0.6,0.04,2.5,0.076,18.0,88.0,3.53,0.55,9.5,5,0
880,0.56,0.18,1.6,0.078,10.0,21.0,3.15,0.49,9.9,5,0
881,0.715,0.0,2.1,0.068,30.0,35.0,3.48,0.65,11.4,6,0
882,0.31,0.29,3.1,0.19399999999999998,14.0,26.0,3.22,0.78,12.0,6,1
883,0.6,0.04,2.5,0.076,18.0,88.0,3.53,0.55,9.5,5,0
884,0.61,0.19,4.0,0.094,30.0,69.0,3.22,0.5,10.0,6,1
885,0.75,0.14,2.5,0.086,9.0,30.0,3.34,0.64,10.5,5,0
886,0.8,0.12,2.4,0.083,8.0,28.0,3.33,0.65,10.4,6,0
887,0.52,0.38,2.6,0.066,29.0,56.0,3.15,0.79,12.1,7,0
888,0.57,0.0,2.5,0.07200000000000001,32.0,64.0,3.43,0.56,11.2,6,0
889,0.9,0.34,6.6,0.11199999999999999,23.0,99.0,3.22,0.68,9.3,5,1
890,0.34,0.24,2.0,0.071,30.0,52.0,3.44,0.58,10.1,5,0
891,0.66,0.03,2.3,0.078,16.0,86.0,3.53,0.57,9.7,5,0
892,0.45,0.23,1.9,0.08199999999999999,10.0,18.0,3.22,0.65,9.3,6,0
893,0.66,0.03,2.3,0.078,16.0,86.0,3.53,0.57,9.7,5,0
894,0.63,0.03,2.2,0.08,17.0,88.0,3.53,0.58,9.8,6,0
895,0.59,0.01,2.3,0.08,27.0,43.0,3.42,0.58,10.7,6,0
896,0.31,0.39,2.4,0.078,17.0,43.0,3.31,0.77,12.5,7,0
897,0.59,0.01,2.3,0.08,27.0,43.0,3.42,0.58,10.7,6,0
898,0.31,0.39,2.4,0.078,17.0,43.0,3.31,0.77,12.5,7,0
899,1.02,0.02,3.4,0.084,6.0,11.0,3.48,0.49,11.0,3,1
900,0.31,0.36,2.6,0.055999999999999994,10.0,39.0,3.4,0.69,11.8,5,0
901,0.635,0.1,2.4,0.08,16.0,33.0,3.58,0.69,10.8,7,0
902,0.635,0.1,2.4,0.08,16.0,33.0,3.58,0.69,10.8,7,0
903,0.59,0.06,6.0,0.06,11.0,18.0,3.41,0.59,10.8,7,1
904,0.59,0.06,6.0,0.06,11.0,18.0,3.41,0.59,10.8,7,1
905,0.58,0.2,3.0,0.081,15.0,115.0,3.23,0.59,9.5,5,0
906,0.54,0.27,2.6,0.084,12.0,78.0,3.39,0.71,11.0,5,0
907,0.56,0.0,2.2,0.079,6.0,9.0,3.59,0.54,11.5,6,0
908,0.52,0.13,2.4,0.078,34.0,61.0,3.43,0.59,10.8,6,0
909,0.305,0.39,1.2,0.059000000000000004,7.0,11.0,3.29,0.52,11.5,6,0
910,0.38,0.48,3.8,0.132,3.0,11.0,3.23,0.57,13.2,6,2
911,0.28,0.46,9.0,0.114,3.0,9.0,3.18,0.6,10.9,6,1
912,0.46,0.44,2.9,0.065,4.0,8.0,3.33,0.62,12.2,6,0
913,0.395,0.46,4.6,0.094,3.0,10.0,3.27,0.64,12.2,7,1
914,0.305,0.39,1.2,0.059000000000000004,7.0,11.0,3.29,0.52,11.5,6,0
915,0.315,0.4,2.2,0.079,3.0,6.0,3.27,0.67,11.9,6,0
916,0.715,0.19,1.5,0.161,7.0,62.0,3.62,0.61,11.0,5,1
917,0.41,0.31,8.8,0.084,26.0,45.0,3.38,0.64,10.1,6,1
918,0.36,0.32,2.2,0.081,32.0,79.0,3.3,0.72,11.0,6,0
919,0.62,0.12,1.8,0.07200000000000001,38.0,46.0,3.38,0.89,11.8,6,0
920,0.41,0.37,2.3,0.091,10.0,23.0,3.24,0.56,10.5,5,0
921,0.36,0.32,2.2,0.081,32.0,79.0,3.3,0.72,11.0,6,0
922,0.62,0.12,1.8,0.07200000000000001,38.0,46.0,3.38,0.89,11.8,6,0
923,0.41,0.31,8.8,0.084,26.0,45.0,3.38,0.64,10.1,6,1
924,0.47,0.27,2.3,0.055,14.0,28.0,3.18,0.8,11.2,5,0
925,0.22,0.36,1.9,0.064,53.0,77.0,3.47,0.87,11.0,7,1
926,0.24,0.33,2.3,0.061,52.0,73.0,3.47,0.9,10.2,6,1
927,0.67,0.19,2.2,0.09300000000000001,11.0,75.0,3.2,0.59,9.2,4,0
928,0.47,0.27,2.3,0.055,14.0,28.0,3.18,0.8,11.2,5,0
929,0.33,0.38,3.3,0.063,10.0,19.0,3.3,0.73,12.0,7,0
930,0.61,0.01,1.9,0.08,8.0,25.0,3.69,0.73,10.5,5,1
931,0.61,0.01,2.0,0.07400000000000001,13.0,38.0,3.48,0.65,9.8,5,0
932,0.4,0.29,1.9,0.078,29.0,66.0,3.45,0.59,9.5,6,0
933,0.61,0.01,2.0,0.07400000000000001,13.0,38.0,3.48,0.65,9.8,5,0
934,0.61,0.01,1.9,0.08,8.0,25.0,3.69,0.73,10.5,5,1
935,0.3,0.38,2.3,0.06,19.0,72.0,3.39,0.72,11.8,6,0
936,0.3,0.38,2.3,0.06,19.0,72.0,3.39,0.72,11.8,6,0
937,0.63,0.5,1.4,0.071,6.0,26.0,3.07,0.6,10.4,4,0
938,0.38,0.38,2.8,0.068,23.0,42.0,3.34,0.72,12.9,7,0
939,0.46,0.17,1.6,0.073,7.0,11.0,3.61,0.54,11.4,5,0
940,0.33,0.52,2.2,0.07400000000000001,13.0,25.0,3.36,0.76,12.4,7,0
941,0.27,0.49,5.0,0.08199999999999999,9.0,17.0,3.19,0.52,12.5,7,1
942,0.43,0.4,2.6,0.092,13.0,52.0,3.22,0.64,10.0,7,0
943,0.5,0.34,2.3,0.094,10.0,45.0,3.24,0.6,9.7,7,0
944,0.3,0.49,3.8,0.09,11.0,24.0,3.27,0.64,12.1,7,1
945,0.44,0.42,2.0,0.071,7.0,20.0,3.14,0.79,11.1,7,0
946,0.44,0.58,4.1,0.092,11.0,24.0,3.29,0.99,12.0,7,1
947,0.28,0.48,2.1,0.09300000000000001,6.0,12.0,3.26,0.62,12.4,7,0
948,0.12,0.45,1.8,0.075,10.0,21.0,3.41,0.76,11.9,7,0
949,0.12,0.45,1.8,0.075,10.0,21.0,3.41,0.76,11.9,7,0
950,0.12,0.45,1.8,0.075,10.0,21.0,3.41,0.76,11.9,7,0
951,0.28,0.48,2.1,0.09300000000000001,6.0,12.0,3.26,0.62,12.4,7,0
952,0.31,0.4,2.2,0.057999999999999996,6.0,10.0,3.31,0.68,11.2,7,0
953,0.34,0.48,2.1,0.052000000000000005,5.0,9.0,3.2,0.69,12.1,7,0
954,0.43,0.4,2.7,0.08199999999999999,6.0,11.0,3.44,0.54,12.2,6,0
955,0.21,0.52,1.9,0.09,9.0,23.0,3.36,0.67,10.4,5,0
956,0.36,0.52,2.1,0.111,5.0,10.0,3.31,0.62,11.3,6,0
957,0.37,0.52,2.0,0.08800000000000001,12.0,51.0,3.29,0.58,11.1,6,0
958,0.57,0.12,2.3,0.12,25.0,36.0,3.47,0.71,11.3,7,0
959,0.59,0.05,2.0,0.08900000000000001,12.0,32.0,3.36,0.61,10.0,5,0
960,0.47,0.27,1.9,0.057999999999999996,18.0,38.0,3.16,0.85,11.1,6,0
961,0.56,0.14,1.6,0.078,7.0,18.0,3.27,0.62,9.3,5,0
962,0.57,0.02,2.1,0.115,6.0,16.0,3.38,0.69,9.5,5,0
963,0.27,0.39,2.0,0.1,20.0,27.0,3.15,0.69,11.2,6,0
964,0.47,0.27,1.9,0.057999999999999996,18.0,38.0,3.16,0.85,11.1,6,0
965,0.34,0.4,2.4,0.065,24.0,48.0,3.34,0.86,11.0,6,0
966,0.38,0.41,2.4,0.10300000000000001,6.0,10.0,3.13,0.58,11.9,7,0
967,0.66,0.2,2.1,0.09699999999999999,23.0,113.0,3.13,0.48,9.2,5,0
968,0.4,0.43,2.4,0.068,29.0,46.0,3.2,0.6,12.2,6,0
969,0.56,0.09,2.9,0.079,7.0,22.0,3.46,0.61,10.2,5,0
970,0.26,0.48,1.9,0.066,6.0,10.0,3.33,0.87,10.9,6,0
971,0.26,0.48,1.9,0.066,6.0,10.0,3.33,0.87,10.9,6,0
972,0.38,0.5,2.4,0.10400000000000001,6.0,13.0,3.22,0.65,11.6,7,0
973,0.34,0.44,1.7,0.079,6.0,12.0,3.52,0.63,10.7,5,0
974,0.33,0.41,5.9,0.073,7.0,13.0,3.3,0.62,12.1,7,1
975,0.41,0.3,2.1,0.083,35.0,72.0,3.44,0.52,9.4,5,0
976,0.41,0.3,2.1,0.083,35.0,72.0,3.44,0.52,9.4,5,0
977,0.59,0.29,2.6,0.109,31.0,119.0,3.15,0.5,9.1,5,0
978,0.4,0.32,3.6,0.061,9.0,29.0,3.28,0.49,11.3,7,0
979,0.45,0.49,1.4,0.075,3.0,6.0,3.13,0.63,10.4,5,0
980,0.5,0.3,1.9,0.065,8.0,17.0,3.32,0.71,10.5,6,0
981,0.86,0.26,1.9,0.079,13.0,28.0,3.25,0.62,10.0,5,0
982,0.52,0.32,2.1,0.07,51.0,70.0,3.34,0.82,12.9,6,1
983,0.5,0.3,1.9,0.065,8.0,17.0,3.32,0.71,10.5,6,0
984,0.45,0.49,1.4,0.075,3.0,6.0,3.13,0.63,10.4,5,0
985,0.58,0.0,2.0,0.064,7.0,11.0,3.45,0.58,11.3,6,0
986,0.34,0.39,1.4,0.066,3.0,7.0,3.19,0.55,11.4,7,0
987,0.36,0.3,1.6,0.08,35.0,70.0,3.44,0.5,9.4,5,0
988,0.39,0.12,1.7,0.09699999999999999,19.0,27.0,3.16,0.49,9.4,5,0
989,0.295,0.4,1.5,0.073,14.0,21.0,3.14,0.51,10.9,6,0
990,0.39,0.12,1.7,0.09699999999999999,19.0,27.0,3.16,0.49,9.4,5,0
991,0.34,0.28,2.0,0.08199999999999999,31.0,68.0,3.45,0.48,9.4,5,0
992,0.4,0.1,2.0,0.076,30.0,47.0,3.36,0.48,9.4,6,0
993,0.34,0.28,2.0,0.08199999999999999,31.0,68.0,3.45,0.48,9.4,5,0
994,0.35,0.45,2.5,0.092,20.0,88.0,3.15,0.43,9.4,5,0
995,0.6,0.06,2.0,0.079,19.0,41.0,3.39,0.62,10.1,6,0
996,0.66,0.0,2.2,0.087,3.0,11.0,3.71,0.63,12.8,7,1
997,0.66,0.0,2.2,0.087,3.0,11.0,3.71,0.63,12.8,7,1
998,0.84,0.34,1.4,0.05,4.0,10.0,3.12,0.48,9.1,6,0
999,0.69,0.0,1.65,0.055,7.0,12.0,3.47,0.53,12.9,6,0
1000,0.43,0.3,2.2,0.062,6.0,12.0,3.44,0.72,11.5,7,0
1001,0.35,0.38,1.5,0.057999999999999996,31.0,47.0,3.26,0.82,10.6,7,0
1002,0.29,0.33,2.05,0.063,13.0,27.0,3.26,0.84,11.7,7,0
1003,0.36,0.32,1.8,0.067,4.0,8.0,3.36,0.55,12.8,7,0
1004,0.43,0.29,1.6,0.081,27.0,45.0,3.25,0.54,10.3,5,0
1005,0.36,0.32,1.8,0.067,4.0,8.0,3.36,0.55,12.8,7,0
1006,0.29,0.33,2.05,0.063,13.0,27.0,3.26,0.84,11.7,7,0
1007,0.3,0.34,2.0,0.064,12.0,25.0,3.26,0.84,11.7,7,0
1008,0.35,0.4,3.6,0.11,12.0,24.0,3.23,0.7,12.0,7,0
1009,0.5,0.36,2.8,0.11599999999999999,26.0,55.0,3.18,0.68,10.9,5,0
1010,0.28,0.45,1.7,0.067,7.0,12.0,3.25,0.55,12.3,7,0
1011,0.32,0.31,2.0,0.08800000000000001,12.0,19.0,3.17,0.55,10.4,6,0
1012,1.005,0.15,2.1,0.102,11.0,32.0,3.23,0.48,10.0,5,0
1013,0.71,0.0,1.6,0.092,22.0,31.0,3.38,0.58,10.0,6,0
1014,0.58,0.16,2.0,0.12,3.0,7.0,3.22,0.58,11.2,6,0
1015,0.39,0.46,2.2,0.075,14.0,27.0,3.06,0.84,11.4,6,0
1016,0.38,0.4,2.2,0.068,12.0,28.0,3.27,0.75,12.6,7,0
1017,0.18,0.37,0.9,0.049,36.0,109.0,2.89,0.44,12.7,6,1
1018,0.18,0.37,0.9,0.049,36.0,109.0,2.89,0.44,12.7,6,1
1019,0.5,0.14,1.8,0.078,10.0,23.0,3.53,0.61,10.4,5,0
1020,0.36,0.66,2.4,0.12300000000000001,3.0,8.0,3.2,0.53,11.9,6,1
1021,0.36,0.66,2.4,0.12300000000000001,3.0,8.0,3.2,0.53,11.9,6,1
1022,0.51,0.09,2.1,0.062,4.0,9.0,3.35,0.54,10.5,5,0
1023,0.32,0.42,2.3,0.098,3.0,9.0,3.27,0.55,12.3,6,0
1024,0.58,0.01,1.8,0.08800000000000001,12.0,18.0,3.32,0.56,10.5,7,0
1025,0.83,0.0,2.8,0.095,17.0,43.0,3.33,0.6,10.4,6,0
1026,0.31,0.32,1.9,0.066,14.0,36.0,3.41,0.56,12.6,6,0
1027,0.795,0.0,2.2,0.065,28.0,52.0,3.49,0.52,11.6,5,0
1028,0.34,0.21,2.5,0.075,41.0,68.0,3.37,0.54,10.1,6,0
1029,0.58,0.01,1.8,0.08800000000000001,12.0,18.0,3.32,0.56,10.5,7,0
1030,0.59,0.0,2.1,0.091,9.0,14.0,3.42,0.55,11.5,7,0
1031,0.55,0.01,1.8,0.09300000000000001,9.0,15.0,3.35,0.58,11.0,7,0
1032,0.82,0.0,4.1,0.095,5.0,14.0,3.36,0.53,9.6,5,1
1033,0.57,0.08,2.6,0.08900000000000001,14.0,27.0,3.3,0.59,10.4,6,0
1034,0.745,0.18,2.5,0.077,15.0,48.0,3.2,0.47,9.7,6,0
1035,0.37,0.34,2.4,0.085,5.0,17.0,3.17,0.65,10.6,7,0
1036,0.31,0.34,2.5,0.08199999999999999,26.0,35.0,3.22,0.59,12.5,7,0
1037,0.91,0.1,1.8,0.07400000000000001,20.0,56.0,3.35,0.56,9.2,5,0
1038,0.41,0.41,6.2,0.078,25.0,42.0,3.24,0.77,12.6,7,1
1039,0.5,0.21,2.2,0.08800000000000001,21.0,39.0,3.33,0.83,11.1,6,0
1040,0.965,0.0,2.2,0.08800000000000001,16.0,32.0,3.58,0.67,10.2,5,0
1041,0.49,0.19,1.7,0.079,13.0,26.0,3.38,0.64,9.8,6,0
1042,0.5,0.21,2.2,0.08800000000000001,21.0,39.0,3.33,0.83,11.1,6,0
1043,0.39,0.41,8.9,0.069,18.0,39.0,3.29,0.81,10.9,7,1
1044,0.39,0.33,3.3,0.046,12.0,53.0,3.36,0.62,12.2,6,0
1045,0.44,0.0,1.4,0.07,32.0,38.0,3.32,0.58,11.4,6,0
1046,0.78,0.0,1.7,0.076,33.0,45.0,3.31,0.62,10.7,6,0
1047,0.43,0.17,1.8,0.08199999999999999,27.0,51.0,3.49,0.64,10.4,5,0
1048,0.49,0.36,1.7,0.081,3.0,14.0,3.27,0.78,10.9,6,0
1049,0.5,0.36,1.8,0.084,6.0,17.0,3.27,0.77,10.8,6,0
1050,0.43,0.17,1.8,0.08199999999999999,27.0,51.0,3.49,0.64,10.4,5,0
1051,0.46,0.59,1.4,0.414,16.0,45.0,3.03,1.34,9.2,5,2
1052,0.605,0.05,2.4,0.073,19.0,25.0,3.56,0.55,12.9,5,0
1053,0.33,0.42,2.3,0.07,9.0,20.0,3.38,0.77,12.7,7,0
1054,0.64,0.27,2.0,0.095,5.0,77.0,3.13,0.62,9.1,6,0
1055,0.64,0.27,2.0,0.095,5.0,77.0,3.13,0.62,9.1,6,0
1056,0.48,0.53,4.0,0.10099999999999999,3.0,10.0,3.21,0.59,12.1,7,1
1057,0.42,0.25,3.9,0.10400000000000001,28.0,90.0,3.15,0.57,9.1,5,1
1058,0.53,0.57,2.4,0.09300000000000001,30.0,52.0,3.19,0.76,11.6,7,0
1059,0.48,0.53,4.0,0.10099999999999999,3.0,10.0,3.21,0.59,12.1,7,1
1060,0.23,0.57,1.8,0.07400000000000001,3.0,8.0,3.14,0.7,9.9,6,0
1061,0.4,0.5,1.8,0.071,7.0,16.0,3.21,0.69,12.5,8,1
1062,0.38,0.44,1.9,0.098,6.0,15.0,3.3,0.64,11.4,6,0
1063,0.29,0.65,2.4,0.075,6.0,17.0,3.22,0.63,11.8,6,0
1064,0.74,0.09,2.0,0.067,5.0,10.0,3.28,0.57,11.8,6,0
1065,0.61,0.18,2.4,0.083,6.0,20.0,3.29,0.6,10.2,6,0
1066,0.52,0.08,2.4,0.07,13.0,26.0,3.4,0.72,12.5,7,0
1067,0.31,0.53,2.2,0.06,3.0,10.0,3.02,0.83,10.9,7,0
1068,0.31,0.53,2.2,0.06,3.0,10.0,3.02,0.83,10.9,7,0
1069,0.62,0.35,2.8,0.086,28.0,52.0,3.31,0.62,10.8,5,0
1070,0.33,0.45,1.5,0.057,19.0,37.0,3.18,0.89,11.1,7,0
1071,0.77,0.2,8.1,0.098,30.0,92.0,3.2,0.58,9.2,5,1
1072,0.35,0.26,1.8,0.083,33.0,75.0,3.4,0.58,9.5,6,0
1073,0.62,0.33,2.7,0.08800000000000001,16.0,37.0,3.31,0.58,10.7,6,0
1074,0.77,0.2,8.1,0.098,30.0,92.0,3.2,0.58,9.2,5,1
1075,0.25,0.34,2.0,0.071,45.0,67.0,3.44,0.86,10.2,7,1
1076,0.32,0.56,2.0,0.073,3.0,8.0,3.15,0.73,11.4,6,0
1077,0.37,0.65,6.4,0.08,3.0,8.0,3.27,0.58,11.0,5,1
1078,0.37,0.65,6.4,0.08,3.0,8.0,3.27,0.58,11.0,5,1
1079,0.3,0.68,8.3,0.05,37.5,278.0,3.01,0.51,12.3,7,2
1080,0.27,0.56,1.4,0.047,3.0,8.0,3.16,0.51,11.8,6,0
1081,0.3,0.68,8.3,0.05,37.5,289.0,3.01,0.51,12.3,7,2
1082,0.38,0.3,1.8,0.073,31.0,70.0,3.42,0.59,9.5,6,0
1083,0.42,0.45,2.4,0.07200000000000001,32.0,59.0,3.33,0.77,12.0,6,0
1084,0.38,0.3,1.8,0.073,31.0,70.0,3.42,0.59,9.5,6,0
1085,0.48,0.08,1.8,0.07400000000000001,40.0,64.0,3.12,0.49,9.6,5,0
1086,0.34,0.4,4.7,0.055,3.0,9.0,3.38,0.66,11.6,7,1
1087,0.19,0.42,1.6,0.057,18.0,30.0,3.29,0.69,11.2,6,0
1088,0.41,0.54,1.5,0.095,22.0,41.0,3.02,0.76,9.9,7,0
1089,0.41,0.54,1.5,0.095,22.0,41.0,3.02,0.76,9.9,7,0
1090,0.26,0.54,1.9,0.083,42.0,74.0,2.98,0.63,11.8,8,1
1091,0.34,0.42,2.0,0.086,8.0,19.0,3.35,0.6,11.4,6,0
1092,0.54,0.09,2.0,0.081,10.0,16.0,3.43,0.59,11.5,6,0
1093,0.31,0.36,2.2,0.079,11.0,31.0,3.33,0.86,12.0,7,0
1094,0.725,0.09,5.5,0.11699999999999999,9.0,17.0,3.35,0.49,10.8,6,1
1095,0.4,0.47,2.5,0.087,6.0,20.0,3.15,0.5,10.5,5,0
1096,0.725,0.09,5.5,0.11699999999999999,9.0,17.0,3.35,0.49,10.8,6,1
1097,0.52,0.38,1.5,0.096,5.0,18.0,3.2,0.52,9.4,5,0
1098,0.31,0.45,2.1,0.21600000000000003,5.0,16.0,3.15,0.81,12.5,7,1
1099,0.52,0.38,1.5,0.096,5.0,18.0,3.2,0.52,9.4,5,0
1100,0.34,0.42,2.1,0.07200000000000001,23.0,36.0,3.11,0.78,12.4,6,0
1101,0.49,0.27,2.1,0.071,14.0,25.0,3.35,0.63,12.0,6,0
1102,0.48,0.09,1.7,0.078,18.0,30.0,3.45,0.54,11.2,6,0
1103,0.49,0.27,2.1,0.071,14.0,25.0,3.35,0.63,12.0,6,0
1104,0.48,0.34,2.2,0.073,16.0,25.0,3.28,0.66,12.4,6,0
1105,0.57,0.28,2.1,0.048,13.0,49.0,3.41,0.6,12.8,5,0
1106,0.23,0.42,1.9,0.069,9.0,17.0,3.21,0.54,12.3,6,0
1107,0.3,0.41,2.0,0.068,10.0,24.0,3.27,0.85,11.7,7,0
1108,0.78,0.1,3.3,0.09,4.0,13.0,3.36,0.49,9.5,5,0
1109,0.47,0.43,2.1,0.171,27.0,66.0,3.17,0.76,10.8,6,1
1110,0.53,0.0,1.4,0.07,6.0,14.0,3.25,0.64,10.0,6,0
1111,0.42,0.27,2.0,0.092,23.0,55.0,3.78,0.64,12.3,7,1
1112,0.33,0.41,1.5,0.055999999999999994,6.0,35.0,3.29,0.71,11.0,6,0
1113,0.24,0.39,1.6,0.07400000000000001,3.0,10.0,3.12,0.59,9.5,6,0
1114,0.4,0.5,4.3,0.046,29.0,80.0,3.49,0.66,13.6,6,2
1115,0.69,0.07,2.5,0.091,15.0,21.0,3.38,0.6,11.3,6,0
1116,0.69,0.07,2.5,0.091,15.0,21.0,3.38,0.6,11.3,6,0
1117,0.69,0.07,2.5,0.091,15.0,21.0,3.38,0.6,11.3,6,0
1118,0.39,0.12,2.1,0.065,14.0,24.0,3.3,0.53,13.3,6,0
1119,0.66,0.0,2.5,0.066,7.0,15.0,3.52,0.58,12.9,5,0
1120,0.54,0.34,2.5,0.076,8.0,17.0,3.2,0.72,13.1,8,1
1121,0.5,0.0,1.8,0.062,21.0,28.0,3.44,0.55,12.3,6,0
1122,0.47,0.0,1.4,0.055,27.0,33.0,3.45,0.48,12.3,6,0
1123,0.4,0.37,1.9,0.081,17.0,29.0,3.12,0.65,11.2,6,0
1124,0.58,0.0,2.2,0.096,3.0,13.0,3.62,0.62,11.5,4,0
1125,0.24,0.35,1.7,0.055,13.0,27.0,3.14,0.59,11.3,7,0
1126,0.29,0.26,1.7,0.063,3.0,11.0,3.39,0.54,13.5,6,0
1127,0.76,0.0,2.9,0.07200000000000001,26.0,52.0,3.51,0.6,11.5,6,0
1128,0.43,0.33,2.7,0.095,28.0,89.0,3.22,0.68,10.0,5,0
1129,0.43,0.35,3.3,0.092,24.0,70.0,3.21,0.69,10.5,6,0
1130,0.6,0.0,1.9,0.057999999999999996,5.0,10.0,3.18,0.63,10.4,6,0
1131,0.19,0.21,1.7,0.045,57.0,135.0,3.32,0.44,9.5,5,2
1132,0.36,0.34,1.8,0.075,18.0,38.0,3.38,0.88,13.6,7,1
1133,0.48,0.07,5.5,0.08900000000000001,10.0,18.0,3.37,0.68,11.2,7,1
1134,0.28,0.35,1.7,0.061,6.0,15.0,3.3,0.74,11.8,7,0
1135,0.25,0.43,1.7,0.067,22.0,50.0,3.38,0.6,11.9,6,0
1136,0.52,0.45,2.0,0.08,6.0,13.0,3.22,0.76,11.4,6,0
1137,0.52,0.45,2.0,0.08,6.0,13.0,3.22,0.76,11.4,6,0
1138,0.41,0.15,3.7,0.10400000000000001,29.0,94.0,3.14,0.58,9.1,5,1
1139,0.51,0.24,2.0,0.079,16.0,86.0,3.34,0.64,9.5,6,0
1140,0.4,0.3,1.7,0.08,33.0,79.0,3.41,0.65,9.5,6,0
1141,0.38,0.32,2.5,0.08,24.0,71.0,3.27,0.85,11.0,6,0
1142,0.45,0.11,2.4,0.043,6.0,12.0,3.3,0.65,11.4,6,0
1143,0.22,0.3,1.8,0.065,16.0,20.0,3.61,0.82,10.0,6,0
1144,0.32,0.23,2.3,0.066,35.0,70.0,3.43,0.62,10.1,5,0
1145,0.2,0.43,2.5,0.076,31.0,51.0,3.53,0.81,10.4,6,0
1146,0.5,0.12,1.8,0.17800000000000002,6.0,21.0,3.28,0.87,9.8,6,1
1147,0.41,0.45,6.2,0.071,6.0,14.0,3.21,0.49,11.8,7,1
1148,0.39,0.42,2.0,0.086,9.0,21.0,3.39,0.66,11.6,6,0
1149,0.35,0.47,2.0,0.061,6.0,11.0,3.23,0.52,12.0,6,0
1150,0.33,0.32,2.8,0.067,4.0,12.0,3.3,0.76,12.8,7,0
1151,0.58,0.23,2.5,0.044000000000000004,16.0,70.0,3.46,0.65,12.5,6,0
1152,0.6,0.25,2.2,0.11800000000000001,9.0,38.0,3.15,0.53,9.8,5,0
1153,0.42,0.35,2.1,0.083,17.0,38.0,3.23,0.66,11.1,6,0
1154,0.58,0.0,2.2,0.1,50.0,63.0,3.59,0.68,11.4,6,1
1155,0.6,0.25,2.2,0.11800000000000001,9.0,38.0,3.15,0.53,9.8,5,0
1156,0.18,0.51,1.75,0.071,45.0,88.0,3.33,0.76,11.8,7,1
1157,0.51,0.18,2.1,0.042,16.0,101.0,3.46,0.87,12.9,7,0
1158,0.41,0.43,2.8,0.076,22.0,54.0,3.42,1.16,10.6,6,1
1159,0.41,0.43,2.2,0.11,11.0,37.0,3.16,0.67,10.8,5,0
1160,0.36,0.57,2.3,0.087,6.0,20.0,3.14,0.72,11.1,7,0
1161,0.45,0.43,1.4,0.076,12.0,21.0,3.21,0.75,10.2,6,0
1162,0.32,0.42,2.3,0.075,12.0,19.0,3.14,0.71,11.8,7,0
1163,0.785,0.24,1.7,0.078,10.0,21.0,3.29,0.67,10.0,5,0
1164,0.785,0.24,1.7,0.078,10.0,21.0,3.29,0.67,10.0,5,0
1165,0.44,0.5,1.9,0.369,15.0,38.0,3.01,1.1,9.4,5,2
1166,0.54,0.26,2.0,0.111,7.0,60.0,2.94,0.98,10.2,5,0
1167,0.33,0.39,2.5,0.07400000000000001,29.0,48.0,3.32,0.88,12.4,7,0
1168,0.34,0.27,2.8,0.067,8.0,44.0,3.21,0.56,12.0,6,0
1169,0.5,0.29,2.3,0.086,5.0,14.0,3.32,0.62,11.5,6,0
1170,0.36,0.34,1.6,0.062,5.0,12.0,3.2,0.67,10.5,6,0
1171,0.59,0.0,2.2,0.078,26.0,44.0,3.42,0.68,10.8,6,0
1172,0.42,0.46,2.1,0.07400000000000001,5.0,16.0,3.27,0.74,12.3,6,0
1173,0.36,0.31,1.7,0.079,26.0,65.0,3.46,0.62,9.5,6,0
1174,0.36,0.31,1.7,0.079,26.0,65.0,3.46,0.62,9.5,6,0
1175,0.61,0.0,2.2,0.095,48.0,59.0,3.61,0.7,11.5,6,1
1176,0.88,0.03,5.6,0.079,23.0,47.0,3.58,0.5,11.2,4,1
1177,0.66,0.0,2.4,0.052000000000000005,6.0,11.0,3.35,0.66,12.7,7,0
1178,0.915,0.0,2.1,0.040999999999999995,17.0,78.0,3.68,0.73,11.4,5,0
1179,0.35,0.33,2.4,0.076,11.0,47.0,3.27,0.81,11.0,6,0
1180,0.35,0.33,2.4,0.076,11.0,47.0,3.27,0.81,11.0,6,0
1181,0.39,0.43,1.65,0.068,5.0,11.0,3.19,0.46,11.4,5,0
1182,0.4,0.4,2.5,0.068,41.0,54.0,3.38,0.86,10.5,6,0
1183,0.66,0.07,1.6,0.07,16.0,61.0,3.29,0.6,9.3,5,0
1184,0.64,0.23,2.1,0.08,11.0,119.0,3.36,0.7,10.9,5,0
1185,0.43,0.3,2.0,0.085,6.0,39.0,3.33,0.46,11.9,6,0
1186,0.8,0.03,7.8,0.079,6.0,12.0,3.52,0.5,12.2,5,1
1187,0.43,0.3,2.0,0.085,6.0,39.0,3.33,0.46,11.9,6,0
1188,0.64,0.23,2.1,0.08,11.0,119.0,3.36,0.7,10.9,5,0
1189,0.955,0.05,1.8,0.075,5.0,19.0,3.3,0.44,9.6,4,0
1190,0.4,0.57,4.6,0.08,6.0,20.0,3.28,0.57,12.5,6,1
1191,0.885,0.0,2.3,0.166,6.0,12.0,3.56,0.51,10.8,5,1
1192,0.25,0.37,2.5,0.063,11.0,41.0,3.52,0.8,12.4,7,0
1193,0.885,0.0,2.3,0.166,6.0,12.0,3.56,0.51,10.8,5,1
1194,0.745,0.12,1.8,0.114,15.0,64.0,3.22,0.59,9.5,6,0
1195,0.43,0.22,1.8,0.078,21.0,56.0,3.52,0.6,9.5,6,0
1196,0.58,0.23,2.3,0.076,23.0,94.0,3.21,0.58,9.5,6,0
1197,0.57,0.21,1.5,0.069,4.0,9.0,3.16,0.54,9.8,6,0
1198,0.26,0.26,2.0,0.052000000000000005,19.0,77.0,3.15,0.79,10.9,6,0
1199,0.58,0.23,2.3,0.076,23.0,94.0,3.21,0.58,9.5,6,0
1200,0.57,0.21,1.5,0.069,4.0,9.0,3.16,0.54,9.8,6,0
1201,0.34,0.36,1.9,0.065,5.0,10.0,3.27,0.54,11.2,7,0
1202,0.42,0.39,1.8,0.068,6.0,12.0,3.35,0.69,11.7,8,1
1203,0.74,0.19,5.8,0.111,33.0,76.0,3.14,0.55,9.4,5,1
1204,0.36,0.46,2.1,0.07400000000000001,24.0,44.0,3.4,0.85,11.0,7,0
1205,0.36,0.46,2.1,0.07400000000000001,24.0,44.0,3.4,0.85,11.0,7,0
1206,0.36,0.46,2.1,0.07400000000000001,24.0,44.0,3.4,0.85,11.0,7,0
1207,0.72,0.55,1.7,0.136,24.0,52.0,3.35,0.94,10.0,5,1
1208,0.36,0.46,2.1,0.07400000000000001,24.0,44.0,3.4,0.85,11.0,7,0
1209,0.39,0.43,2.0,0.071,14.0,24.0,3.45,0.87,11.2,7,0
1210,0.65,0.02,2.1,0.078,8.0,15.0,3.35,0.62,10.4,6,0
1211,0.44,0.15,2.1,0.076,22.0,53.0,3.32,0.62,9.3,5,0
1212,0.65,0.02,2.1,0.078,8.0,15.0,3.35,0.62,10.4,6,0
1213,0.38,0.42,1.9,0.071,5.0,13.0,3.15,0.75,10.5,6,0
1214,0.33,0.46,1.9,0.081,6.0,9.0,3.1,0.48,10.4,6,0
1215,0.27,0.46,2.1,0.095,20.0,29.0,3.26,0.56,11.3,6,0
1216,0.57,0.31,2.0,0.079,10.0,79.0,3.29,0.69,9.5,6,0
1217,0.34,0.37,1.9,0.057,43.0,74.0,3.23,0.81,12.0,6,1
1218,0.4,0.31,1.9,0.08199999999999999,8.0,24.0,3.24,0.69,10.6,6,0
1219,0.39,0.4,1.3,0.044000000000000004,25.0,50.0,3.2,0.83,10.9,6,0
1220,0.32,0.52,1.8,0.132,17.0,44.0,3.28,0.77,11.5,6,1
1221,0.32,0.52,1.8,0.132,17.0,44.0,3.28,0.77,11.5,6,1
1222,0.53,0.22,2.2,0.078,33.0,89.0,3.26,0.46,9.6,6,0
1223,0.36,0.47,2.2,0.07400000000000001,9.0,23.0,3.23,0.76,12.0,6,0
1224,0.39,0.49,2.5,0.08,8.0,20.0,3.07,0.82,10.3,6,0
1225,0.46,0.23,2.6,0.091,18.0,77.0,3.15,0.51,9.4,5,0
1226,0.58,0.03,4.1,0.08,27.0,46.0,3.02,0.47,9.2,5,1
1227,0.58,0.25,2.0,0.10400000000000001,8.0,21.0,3.27,0.72,9.6,5,0
1228,0.42,0.0,1.8,0.044000000000000004,18.0,88.0,3.68,0.73,13.6,7,1
1229,0.43,0.29,2.1,0.075,19.0,66.0,3.4,0.64,9.5,5,0
1230,0.18,0.34,2.7,0.066,15.0,58.0,3.37,0.78,11.8,6,0
1231,0.815,0.01,2.6,0.07400000000000001,48.0,90.0,3.38,0.62,10.8,5,1
1232,0.43,0.29,2.1,0.075,19.0,66.0,3.4,0.64,9.5,5,0
1233,0.23,0.37,2.2,0.057,14.0,36.0,3.23,0.49,9.3,4,0
1234,0.75,0.01,2.2,0.059000000000000004,11.0,18.0,3.39,0.4,12.8,6,0
1235,0.33,0.32,12.9,0.054000000000000006,6.0,113.0,3.3,0.56,11.5,4,1
1236,0.55,0.0,1.7,0.07,7.0,17.0,3.26,0.64,9.4,6,0
1237,0.75,0.01,2.2,0.059000000000000004,11.0,18.0,3.39,0.4,12.8,6,0
1238,0.73,0.0,2.5,0.081,12.0,24.0,3.38,0.46,9.6,4,0
1239,0.67,0.0,4.3,0.057,11.0,20.0,3.45,0.56,11.8,4,1
1240,0.61,0.2,1.7,0.076,36.0,60.0,3.1,0.4,9.3,5,0
1241,0.37,0.39,2.5,0.079,28.0,65.0,3.16,0.59,9.8,5,0
1242,0.4,0.41,2.0,0.057999999999999996,15.0,40.0,3.22,0.6,12.2,6,0
1243,0.56,0.22,2.4,0.08199999999999999,10.0,86.0,3.37,0.62,9.5,5,0
1244,0.29,0.25,13.4,0.067,72.0,160.0,3.33,0.54,10.3,6,3
1245,0.55,0.19,1.8,0.08199999999999999,15.0,34.0,3.49,0.68,10.5,5,0
1246,0.74,0.07,1.7,0.086,15.0,48.0,3.12,0.48,10.0,5,0
1247,0.55,0.19,1.8,0.08199999999999999,15.0,34.0,3.49,0.68,10.5,5,0
1248,0.41,0.33,2.2,0.081,22.0,36.0,3.41,0.75,11.1,6,0
1249,0.6,0.01,2.3,0.079,24.0,37.0,3.4,0.61,10.9,6,0
1250,0.6,0.01,2.3,0.079,24.0,37.0,3.4,0.61,10.9,6,0
1251,0.58,0.14,2.2,0.077,27.0,60.0,3.28,0.59,9.8,5,0
1252,0.72,0.0,1.8,0.12300000000000001,6.0,14.0,3.45,0.58,9.8,5,1
1253,0.66,0.0,1.4,0.096,6.0,13.0,3.43,0.58,9.5,5,0
1254,0.7,0.06,1.9,0.079,20.0,35.0,3.4,0.69,10.9,5,0
1255,0.64,0.02,2.4,0.069,26.0,46.0,3.47,0.45,11.0,5,0
1256,0.59,0.22,1.8,0.08199999999999999,43.0,60.0,3.1,0.42,9.2,5,1
1257,0.58,0.28,4.8,0.085,12.0,69.0,3.32,0.7,11.0,6,1
1258,0.64,0.0,2.7,0.12300000000000001,15.0,33.0,3.44,0.63,11.3,6,1
1259,0.64,0.0,2.7,0.12300000000000001,15.0,33.0,3.44,0.63,11.3,6,1
1260,0.635,0.68,1.8,0.40299999999999997,19.0,56.0,3.02,1.15,9.3,5,2
1261,1.02,0.0,2.0,0.083,17.0,24.0,3.59,0.55,11.2,4,0
1262,0.45,0.38,2.5,0.081,34.0,66.0,3.15,0.58,9.8,5,0
1263,0.78,0.0,2.2,0.08900000000000001,13.0,26.0,3.37,0.46,9.6,4,0
1264,0.37,0.32,1.8,0.066,26.0,51.0,3.38,0.72,11.8,6,0
1265,0.57,0.05,2.3,0.081,16.0,36.0,3.38,0.6,10.3,6,0
1266,0.57,0.05,2.3,0.081,16.0,36.0,3.38,0.6,10.3,6,0
1267,0.43,0.5,2.3,0.068,13.0,19.0,3.1,0.87,11.4,6,0
1268,0.41,0.31,2.0,0.079,21.0,51.0,3.47,0.55,9.5,6,0
1269,0.49,0.03,1.8,0.044000000000000004,28.0,87.0,3.5,0.82,14.0,8,2
1270,0.38,0.01,1.6,0.048,26.0,60.0,3.7,0.75,14.0,6,2
1271,0.44,0.2,1.6,0.049,24.0,64.0,3.38,0.57,11.7,6,0
1272,0.46,0.0,1.9,0.077,25.0,44.0,3.5,0.53,11.2,5,0
1273,0.58,0.2,2.0,0.073,34.0,44.0,3.1,0.43,9.3,5,0
1274,0.58,0.13,2.1,0.102,17.0,36.0,3.24,0.53,11.2,6,0
1275,0.715,0.22,2.3,0.075,13.0,81.0,3.24,0.54,9.5,6,0
1276,0.4,0.4,6.3,0.05,3.0,10.0,3.28,0.56,12.0,4,1
1277,0.69,0.0,1.9,0.114,3.0,10.0,3.35,0.6,9.7,6,0
1278,0.715,0.22,2.3,0.075,13.0,81.0,3.24,0.54,9.5,6,0
1279,0.3,0.39,1.7,0.062,3.0,9.0,3.14,0.57,11.5,7,0
1280,0.46,0.2,1.9,0.077,28.0,54.0,3.37,0.64,10.4,6,0
1281,0.46,0.2,1.9,0.077,28.0,54.0,3.37,0.64,10.4,6,0
1282,0.765,0.0,2.0,0.084,9.0,22.0,3.33,0.68,10.9,6,0
1283,0.63,0.28,2.7,0.096,17.0,69.0,3.26,0.63,10.2,6,0
1284,0.42,0.19,2.3,0.071,18.0,36.0,3.39,0.56,10.9,5,0
1285,0.37,0.5,1.8,0.09,20.0,47.0,3.15,0.57,10.5,5,0
1286,0.16,0.44,2.5,0.068,17.0,31.0,3.35,0.54,12.4,6,0
1287,0.6,0.08,2.6,0.055999999999999994,3.0,7.0,3.22,0.37,13.0,5,0
1288,0.6,0.3,4.5,0.068,20.0,110.0,3.3,1.17,10.2,5,2
1289,0.6,0.3,4.5,0.068,20.0,110.0,3.3,1.17,10.2,5,2
1290,0.74,0.0,1.9,0.1,6.0,12.0,3.36,0.59,11.0,5,0
1291,0.635,0.1,2.1,0.073,25.0,60.0,3.29,0.75,10.9,6,0
1292,0.395,0.13,2.4,0.055999999999999994,14.0,28.0,3.62,0.67,12.4,6,0
1293,0.755,0.0,1.9,0.084,6.0,12.0,3.34,0.49,9.7,4,0
1294,0.635,0.1,2.1,0.073,25.0,60.0,3.29,0.75,10.9,6,0
1295,0.63,0.0,4.3,0.09300000000000001,51.0,77.5,3.2,0.45,9.5,5,2
1296,0.63,0.0,4.3,0.09300000000000001,51.0,77.5,3.2,0.45,9.5,5,2
1297,0.53,0.14,2.1,0.064,15.0,29.0,3.35,0.61,12.1,6,0
1298,0.6,0.0,1.4,0.063,11.0,18.0,3.45,0.56,12.2,6,0
1299,1.58,0.0,2.1,0.13699999999999998,5.0,9.0,3.5,0.4,10.9,3,3
1300,0.645,0.0,2.15,0.08,15.0,28.0,3.78,0.61,12.5,6,1
1301,0.86,0.07,2.0,0.1,20.0,57.0,3.6,0.74,11.7,6,0
1302,0.37,0.32,2.1,0.064,4.0,15.0,3.3,0.8,11.2,6,0
1303,0.28,0.44,1.8,0.081,28.0,68.0,3.36,0.66,11.2,5,0
1304,0.79,0.21,2.3,0.087,21.0,68.0,3.12,0.44,9.2,5,0
1305,0.61,0.26,1.9,0.073,24.0,88.0,3.3,0.53,9.8,5,0
1306,0.69,0.32,2.5,0.08800000000000001,22.0,91.0,3.29,0.62,10.1,5,0
1307,0.68,0.09,3.9,0.068,15.0,29.0,3.41,0.52,11.1,4,1
1308,0.69,0.32,2.5,0.08800000000000001,22.0,91.0,3.29,0.62,10.1,5,0
1309,0.62,0.1,1.4,0.071,27.0,63.0,3.28,0.61,9.2,5,0
1310,0.61,0.26,1.9,0.073,24.0,88.0,3.3,0.53,9.8,5,0
1311,0.51,0.15,3.0,0.064,12.0,27.0,3.33,0.59,12.8,6,0
1312,1.18,0.21,1.9,0.083,14.0,41.0,3.34,0.47,10.5,5,1
1313,0.36,0.21,2.3,0.086,20.0,65.0,3.4,0.54,10.1,6,0
1314,0.36,0.21,2.4,0.086,24.0,69.0,3.4,0.53,10.1,6,0
1315,0.63,0.27,2.0,0.083,17.0,91.0,3.26,0.58,9.8,6,0
1316,0.74,0.0,1.2,0.040999999999999995,16.0,46.0,4.01,0.59,12.5,6,1
1317,0.44,0.46,2.2,0.091,10.0,41.0,3.18,0.69,11.9,6,0
1318,0.63,0.27,2.0,0.083,17.0,91.0,3.26,0.58,9.8,6,0
1319,0.76,0.68,1.7,0.414,18.0,64.0,2.9,1.33,9.1,6,3
1320,0.66,0.34,2.6,0.094,12.0,88.0,3.26,0.66,10.1,5,0
1321,0.74,0.0,1.2,0.040999999999999995,16.0,46.0,4.01,0.59,12.5,6,1
1322,0.34,0.42,1.8,0.057999999999999996,9.0,18.0,3.18,0.55,11.4,5,0
1323,0.36,0.39,1.8,0.06,21.0,55.0,3.18,0.82,11.0,7,0
1324,0.46,0.24,1.7,0.077,18.0,34.0,3.39,0.6,10.6,6,0
1325,0.46,0.24,1.7,0.077,18.0,34.0,3.39,0.6,10.6,6,0
1326,0.46,0.24,1.7,0.077,18.0,34.0,3.39,0.6,10.6,6,0
1327,0.46,0.24,1.7,0.077,18.0,34.0,3.39,0.6,10.6,6,0
1328,0.52,0.11,1.8,0.073,13.0,38.0,3.34,0.52,9.3,5,0
1329,0.6,0.26,2.1,0.083,17.0,91.0,3.29,0.56,9.8,6,0
1330,0.6,0.26,2.1,0.083,17.0,91.0,3.29,0.56,9.8,6,0
1331,0.87,0.26,3.8,0.107,31.0,67.0,3.26,0.46,9.2,5,1
1332,0.39,0.1,1.7,0.075,6.0,25.0,3.09,0.43,9.7,6,0
1333,0.775,0.22,2.2,0.079,12.0,48.0,3.18,0.51,9.6,5,0
1334,0.835,0.0,2.0,0.166,4.0,11.0,3.39,0.52,10.0,5,1
1335,0.58,0.02,2.4,0.069,19.0,40.0,3.38,0.66,12.6,6,0
1336,0.5,0.0,1.4,0.057,15.0,26.0,3.36,0.45,9.5,5,0
1337,0.5,0.0,1.4,0.057,15.0,26.0,3.36,0.45,9.5,5,0
1338,0.5,0.0,1.4,0.057,15.0,26.0,3.36,0.45,9.5,5,0
1339,0.51,0.02,1.7,0.084,13.0,31.0,3.36,0.54,10.5,6,0
1340,0.51,0.02,1.7,0.084,13.0,31.0,3.36,0.54,10.5,6,0
1341,0.51,0.02,1.7,0.084,13.0,31.0,3.36,0.54,10.5,6,0
1342,0.54,0.02,1.7,0.085,17.0,31.0,3.37,0.51,10.4,6,0
1343,0.51,0.02,1.7,0.084,13.0,31.0,3.36,0.54,10.5,6,0
1344,0.42,0.48,2.6,0.077,8.0,20.0,3.09,0.53,11.0,5,0
1345,0.44,0.24,2.3,0.063,10.0,28.0,3.25,0.53,10.2,6,0
1346,0.59,0.01,2.1,0.055999999999999994,5.0,13.0,3.52,0.56,11.4,5,0
1347,0.655,0.03,1.8,0.078,7.0,12.0,3.34,0.39,9.5,5,0
1348,0.655,0.03,1.8,0.078,7.0,12.0,3.34,0.39,9.5,5,0
1349,0.57,0.0,2.8,0.081,21.0,41.0,3.41,0.52,10.8,5,0
1350,0.6,0.29,2.0,0.069,32.0,73.0,3.34,0.57,10.0,5,0
1351,0.62,0.01,2.3,0.065,8.0,46.0,3.32,0.51,11.8,6,0
1352,0.645,0.03,1.9,0.086,14.0,57.0,3.37,0.46,10.3,5,0
1353,0.645,0.03,1.9,0.086,14.0,57.0,3.37,0.46,10.3,5,0
1354,0.58,0.03,2.3,0.077,7.0,28.0,3.35,0.52,10.0,5,0
1355,0.32,0.25,1.8,0.086,5.0,32.0,3.36,0.44,10.1,5,0
1356,0.34,0.25,1.8,0.084,4.0,28.0,3.36,0.44,10.1,5,0
1357,0.43,0.24,2.5,0.078,27.0,67.0,3.6,0.59,11.1,6,0
1358,0.64,0.17,5.4,0.168,52.0,98.0,3.28,0.5,9.5,5,3
1359,0.475,0.4,1.4,0.091,6.0,28.0,3.07,0.65,10.0333333333333,6,0
1360,0.54,0.31,2.3,0.11199999999999999,11.0,38.0,3.24,0.56,10.9,5,0
1361,0.85,0.14,2.5,0.09300000000000001,13.0,54.0,3.36,0.54,10.1,5,0
1362,0.475,0.4,1.4,0.091,6.0,28.0,3.07,0.65,10.0333333333333,6,0
1363,0.83,0.27,2.0,0.08,11.0,63.0,3.29,0.48,9.8,4,0
1364,0.605,0.02,1.9,0.096,10.0,31.0,3.46,0.53,11.8,6,0
1365,0.5,0.09,2.2,0.115,10.0,42.0,3.18,0.62,9.5,5,0
1366,0.74,0.08,1.7,0.094,10.0,45.0,3.24,0.5,9.8,5,0
1367,0.54,0.3,2.2,0.08800000000000001,9.0,105.0,3.25,1.18,10.5,6,1
1368,0.77,0.32,2.1,0.079,16.0,74.0,3.27,0.5,9.8,6,0
1369,0.61,0.0,1.6,0.069,4.0,8.0,3.33,0.37,10.4,4,0
1370,0.78,0.51,1.7,0.415,12.0,66.0,3.0,1.17,9.2,5,2
1371,0.58,0.56,3.1,0.153,5.0,14.0,3.21,1.03,11.6,6,2
1372,0.78,0.51,1.7,0.415,12.0,66.0,3.0,1.17,9.2,5,2
1373,0.75,0.27,3.8,0.11,34.0,89.0,3.24,0.45,9.3,5,1
1374,0.815,0.0,1.2,0.267,16.0,29.0,3.32,0.51,9.8,3,2
1375,0.56,0.26,2.0,0.083,13.0,100.0,3.26,0.52,9.9,5,0
1376,0.885,0.2,1.4,0.086,7.0,31.0,3.11,0.46,10.0,5,0
1377,0.49,0.26,2.3,0.09,23.0,74.0,3.71,0.62,12.2,6,1
1378,0.45,0.15,2.0,0.078,10.0,28.0,3.29,0.51,9.9,6,0
1379,0.57,0.02,2.6,0.077,11.0,35.0,3.36,0.62,10.8,6,0
1380,0.57,0.02,2.6,0.077,11.0,35.0,3.36,0.62,10.8,6,0
1381,0.83,0.09,1.8,0.07400000000000001,4.0,25.0,3.38,0.45,9.6,5,0
1382,0.6,0.22,2.1,0.08,25.0,105.0,3.3,0.49,9.9,5,0
1383,0.6,0.22,2.1,0.08,25.0,105.0,3.3,0.49,9.9,5,0
1384,0.755,0.15,1.8,0.107,20.0,84.0,3.19,0.5,9.5,5,0
1385,0.81,0.25,3.4,0.076,34.0,85.0,3.19,0.42,9.2,5,0
1386,0.64,0.07,1.8,0.1,8.0,23.0,3.3,0.58,9.6,5,0
1387,0.64,0.07,1.8,0.1,8.0,23.0,3.3,0.58,9.6,5,0
1388,0.64,0.31,6.1,0.083,7.0,49.0,3.35,0.68,10.3,5,1
1389,0.48,0.02,2.2,0.08,36.0,111.0,3.1,0.53,9.7,5,0
1390,0.49,0.0,2.3,0.068,15.0,33.0,3.58,0.59,12.5,6,0
1391,0.64,0.22,2.4,0.094,5.0,33.0,3.37,0.58,11.0,5,0
1392,0.62,0.06,1.3,0.07,5.0,12.0,3.17,0.48,9.8,5,0
1393,0.52,0.25,2.0,0.078,19.0,59.0,3.3,0.48,10.2,5,0
1394,0.57,0.14,3.9,0.07,27.0,73.0,3.32,0.48,9.2,5,1
1395,0.685,0.1,1.6,0.092,3.0,12.0,3.31,0.65,9.55,6,0
1396,0.675,0.1,1.6,0.09,4.0,11.0,3.31,0.65,9.55,5,0
1397,0.59,0.26,2.0,0.08,17.0,104.0,3.28,0.52,9.9,5,0
1398,0.6,0.12,2.2,0.083,13.0,28.0,3.52,0.62,10.2,7,0
1399,0.67,0.0,2.2,0.068,10.0,24.0,3.42,0.72,11.1,6,0
1400,0.69,0.21,2.1,0.08,33.0,141.0,3.25,0.51,9.9,5,1
1401,0.69,0.21,2.1,0.08,33.0,141.0,3.25,0.51,9.9,5,1
1402,0.3,0.42,2.0,0.052000000000000005,6.0,24.0,3.44,0.82,11.9,6,0
1403,0.33,0.33,1.7,0.061,3.0,13.0,3.23,1.1,10.0,8,2
1404,0.5,0.39,2.6,0.08199999999999999,12.0,46.0,3.43,0.62,10.7,6,0
1405,0.28,0.3,2.0,0.062,18.0,34.0,3.28,0.9,11.3,7,0
1406,0.24,0.34,5.1,0.062,8.0,22.0,3.22,0.94,10.9,6,1
1407,0.51,0.0,2.1,0.064,40.0,54.0,3.54,0.93,10.7,6,0
1408,0.29,0.36,2.2,0.048,35.0,53.0,3.27,1.01,12.4,7,1
1409,0.51,0.0,2.1,0.064,40.0,54.0,3.54,0.93,10.7,6,0
1410,0.96,0.0,1.8,0.08199999999999999,5.0,16.0,3.5,0.44,11.9,6,0
1411,0.47,0.4,2.4,0.071,8.0,19.0,3.56,0.73,10.6,6,0
1412,0.24,0.34,5.1,0.062,8.0,22.0,3.22,0.94,10.9,6,1
1413,0.57,0.25,2.0,0.10400000000000001,12.0,89.0,3.04,0.9,10.1,5,0
1414,0.32,0.59,2.2,0.077,3.0,15.0,3.2,0.78,9.6,5,0
1415,0.58,0.0,1.6,0.065,8.0,18.0,3.56,0.84,9.4,5,0
1416,0.32,0.59,2.2,0.077,3.0,15.0,3.2,0.78,9.6,5,0
1417,0.34,0.33,2.5,0.064,21.0,37.0,3.35,0.77,12.1,7,0
1418,0.53,0.01,1.6,0.077,3.0,19.0,3.16,0.46,9.8,5,0
1419,0.64,0.21,2.2,0.077,32.0,133.0,3.27,0.45,9.9,5,1
1420,0.53,0.01,1.6,0.077,3.0,19.0,3.16,0.46,9.8,5,0
1421,0.4,0.18,1.6,0.079,24.0,58.0,3.34,0.58,9.4,5,0
1422,0.54,0.0,2.1,0.079,39.0,55.0,3.39,0.84,11.4,6,0
1423,0.53,0.09,3.9,0.12300000000000001,14.0,31.0,3.5,0.67,11.0,4,2
1424,0.26,0.37,1.4,0.076,8.0,23.0,3.26,0.7,9.6,6,0
1425,0.26,0.37,1.4,0.076,8.0,23.0,3.26,0.7,9.6,6,0
1426,0.23,0.37,1.8,0.046,23.0,60.0,3.41,0.71,12.1,6,0
1427,0.41,0.33,2.5,0.078,6.0,23.0,3.3,0.58,11.2,5,0
1428,0.64,0.0,1.9,0.07200000000000001,27.0,55.0,3.31,0.63,11.0,5,0
1429,0.18,0.4,2.2,0.049,38.0,67.0,3.33,0.93,11.3,5,0
1430,0.41,0.24,1.8,0.066,18.0,47.0,3.37,0.62,10.4,5,0
1431,0.43,0.31,2.1,0.069,13.0,74.0,3.26,0.54,9.9,6,0
1432,0.44,0.0,1.6,0.042,3.0,11.0,3.48,0.85,11.7,6,0
1433,0.4,0.16,1.8,0.069,11.0,25.0,3.42,0.74,10.1,7,0
1434,0.54,0.37,15.4,0.214,55.0,95.0,3.18,0.77,9.0,6,3
1435,0.54,0.37,15.4,0.214,55.0,95.0,3.18,0.77,9.0,6,3
1436,0.38,0.38,1.6,0.16899999999999998,27.0,90.0,3.15,0.65,8.5,5,1
1437,0.915,0.29,4.8,0.07,15.0,39.0,3.53,0.54,11.1,5,1
1438,0.59,0.0,1.7,0.052000000000000005,3.0,8.0,3.41,0.47,10.3,5,0
1439,0.67,0.02,2.2,0.07200000000000001,31.0,92.0,3.32,0.68,11.066666666666698,6,0
1440,0.37,0.32,2.0,0.062,15.0,28.0,3.23,0.73,11.3,7,0
1441,0.785,0.19,5.2,0.094,19.0,98.0,3.16,0.52,9.56666666666667,6,1
1442,0.63,0.02,1.9,0.078,18.0,30.0,3.4,0.75,9.8,5,0
1443,0.58,0.2,1.75,0.057999999999999996,8.0,22.0,3.38,0.49,11.7,5,0
1444,0.67,0.02,2.2,0.07200000000000001,31.0,92.0,3.32,0.68,11.1,6,0
1445,0.785,0.19,5.2,0.094,19.0,98.0,3.16,0.52,9.6,6,1
1446,0.63,0.02,1.9,0.078,18.0,30.0,3.4,0.75,9.8,5,0
1447,0.67,0.0,1.9,0.08,22.0,39.0,3.4,0.74,9.7,5,0
1448,0.58,0.01,1.9,0.08,40.0,54.0,3.4,0.73,9.7,5,0
1449,0.38,0.31,2.0,0.055999999999999994,15.0,29.0,3.23,0.76,11.3,8,1
1450,0.37,0.32,2.0,0.062,15.0,28.0,3.23,0.73,11.3,7,0
1451,0.32,0.44,2.7,0.10400000000000001,8.0,17.0,3.33,0.78,11.0,7,0
1452,0.58,0.02,2.0,0.062,37.0,53.0,3.35,0.76,11.6,7,0
1453,0.49,0.33,1.9,0.07400000000000001,27.0,85.0,3.41,0.58,9.0,5,0
1454,0.45,0.63,2.2,0.073,7.0,23.0,3.21,0.69,10.9,6,0
1455,0.9,0.0,1.6,0.052000000000000005,9.0,17.0,3.5,0.63,10.9,6,0
1456,0.54,0.06,1.8,0.05,38.0,89.0,3.3,0.5,10.55,6,0
1457,0.49,0.33,1.9,0.07400000000000001,27.0,85.0,3.41,0.58,9.0,5,0
1458,0.29,0.4,1.7,0.067,8.0,20.0,3.39,0.6,10.5,5,0
1459,0.2,0.35,1.7,0.054000000000000006,7.0,15.0,3.32,0.8,11.9,7,0
1460,0.42,0.09,2.3,0.054000000000000006,34.0,64.0,3.41,0.68,10.4,6,0
1461,0.785,0.0,2.1,0.06,6.0,13.0,3.59,0.61,10.0,4,0
1462,0.64,0.03,2.3,0.075,14.0,31.0,3.36,0.58,10.4,6,0
1463,0.63,0.01,2.4,0.076,14.0,39.0,3.34,0.53,10.8,6,0
1464,0.59,0.1,1.7,0.063,34.0,53.0,3.41,0.67,9.7,5,0
1465,0.59,0.1,1.7,0.063,34.0,53.0,3.41,0.67,9.7,5,0
1466,0.48,0.32,2.1,0.062,31.0,54.0,3.3,0.65,10.0,7,0
1467,1.04,0.08,2.3,0.067,19.0,32.0,3.52,0.57,11.0,4,1
1468,0.48,0.32,2.1,0.062,31.0,54.0,3.3,0.65,10.0,7,0
1469,0.98,0.05,2.1,0.061,20.0,49.0,3.31,0.55,9.7,3,1
1470,0.69,0.11,1.4,0.084,8.0,24.0,2.88,0.47,9.7,5,1
1471,0.7,0.08,3.75,0.067,8.0,16.0,3.43,0.52,12.6,5,1
1472,0.35,0.6,2.6,0.073,23.0,44.0,3.38,0.79,11.1,6,0
1473,0.6,0.08,1.8,0.071,14.0,45.0,3.38,0.54,11.0,5,0
1474,0.5,0.5,13.8,0.205,48.0,82.0,3.16,0.75,8.8,5,3
1475,0.47,0.11,2.2,0.048,16.0,89.0,3.54,0.88,13.566666666666698,7,1
1476,0.5,0.5,13.8,0.205,48.0,82.0,3.16,0.75,8.8,5,3
1477,0.47,0.11,2.2,0.048,16.0,89.0,3.54,0.88,13.6,7,1
1478,0.875,0.05,5.7,0.08199999999999999,3.0,14.0,3.4,0.52,10.2,3,2
1479,0.28,0.6,3.0,0.10400000000000001,10.0,22.0,3.39,0.68,10.6,5,0
1480,0.62,0.03,1.5,0.08,6.0,13.0,3.66,0.62,10.1,4,0
1481,0.28,0.6,3.0,0.10400000000000001,10.0,22.0,3.39,0.68,10.6,5,0
1482,0.58,0.54,2.1,0.114,3.0,9.0,3.33,0.57,10.3,4,0
1483,0.33,0.44,1.5,0.042,6.0,12.0,3.35,0.61,10.7,5,0
1484,0.91,0.06,2.0,0.06,4.0,11.0,3.53,0.64,10.9,4,0
1485,0.655,0.16,2.1,0.07400000000000001,8.0,25.0,3.37,0.55,9.7,5,0
1486,0.68,0.21,2.1,0.07,9.0,23.0,3.38,0.6,10.3,5,0
1487,0.64,0.05,1.9,0.066,9.0,17.0,3.52,0.78,10.6,5,0
1488,0.54,0.04,1.7,0.049,5.0,13.0,3.72,0.58,11.4,5,1
1489,0.57,0.1,2.1,0.048,4.0,11.0,3.44,0.76,10.8,6,0
1490,0.22,0.49,1.8,0.039,8.0,18.0,3.39,0.56,12.4,6,1
1491,0.54,0.04,1.7,0.049,5.0,13.0,3.72,0.58,11.4,5,1
1492,0.65,0.06,1.6,0.05,6.0,18.0,3.57,0.54,11.95,5,0
1493,0.54,0.26,1.9,0.08900000000000001,23.0,147.0,3.26,0.59,9.7,5,1
1494,0.31,0.09,1.4,0.066,15.0,28.0,3.42,0.7,10.0,7,0
1495,0.43,0.02,1.9,0.08,15.0,28.0,3.35,0.81,10.6,6,0
1496,0.54,0.26,1.9,0.08900000000000001,23.0,147.0,3.26,0.59,9.7,5,1
1497,0.74,0.03,2.3,0.054000000000000006,7.0,16.0,3.45,0.63,11.5,6,0
1498,0.895,0.04,2.3,0.068,7.0,13.0,3.53,0.58,10.8,6,0
1499,0.74,0.03,2.3,0.054000000000000006,7.0,16.0,3.45,0.63,11.5,6,0
1500,0.725,0.04,1.5,0.076,8.0,15.0,3.26,0.53,9.6,5,0
1501,0.82,0.29,4.3,0.083,21.0,64.0,3.16,0.53,9.4,5,1
1502,0.585,0.18,2.4,0.078,15.0,60.0,3.31,0.54,9.8,5,0
1503,0.44,0.39,2.5,0.077,6.0,14.0,3.51,0.69,11.0,6,0
1504,0.38,0.57,2.3,0.106,5.0,12.0,3.36,0.55,11.4,6,0
1505,0.76,0.02,1.8,0.078,6.0,12.0,3.55,0.63,9.95,3,1
1506,0.81,0.05,2.0,0.07,6.0,14.0,3.51,0.66,10.8,6,0
1507,0.38,0.57,2.3,0.106,5.0,12.0,3.36,0.55,11.4,6,0
1508,0.27,0.6,2.1,0.07400000000000001,17.0,25.0,3.38,0.72,10.6,6,0
1509,0.18,0.4,1.8,0.062,7.0,20.0,3.28,0.7,11.1,5,0
1510,0.36,0.21,2.2,0.047,26.0,48.0,3.47,0.77,9.7,6,0
1511,0.69,0.04,2.1,0.068,19.0,27.0,3.44,0.67,9.8,5,0
1512,0.79,0.04,2.2,0.061,11.0,17.0,3.53,0.65,10.4,6,0
1513,0.56,0.15,1.8,0.078,17.0,65.0,3.33,0.6,10.5,6,0
1514,0.84,0.21,4.1,0.07400000000000001,16.0,65.0,3.53,0.72,9.23333333333333,6,1
1515,0.84,0.21,4.1,0.07400000000000001,16.0,65.0,3.53,0.72,9.25,6,1
1516,0.32,0.25,2.3,0.071,23.0,58.0,3.42,0.97,10.6,5,0
1517,0.53,0.06,2.0,0.063,29.0,44.0,3.38,0.83,10.3,6,0
1518,0.47,0.46,2.2,0.114,7.0,20.0,3.32,0.63,10.5,5,0
1519,0.7,0.08,2.6,0.106,14.0,27.0,3.44,0.58,10.2,5,0
1520,0.53,0.06,2.0,0.063,29.0,44.0,3.38,0.83,10.3,6,0
1521,0.48,0.2,1.9,0.08199999999999999,9.0,23.0,3.39,0.43,9.05,4,0
1522,0.32,0.25,2.3,0.071,23.0,58.0,3.42,0.97,10.6,5,0
1523,0.48,0.25,2.0,0.076,29.0,61.0,3.34,0.6,10.4,5,0
1524,0.42,0.19,2.0,0.075,22.0,47.0,3.39,0.78,10.0,6,0
1525,0.48,0.08,2.1,0.064,18.0,34.0,3.33,0.64,9.7,5,0
1526,0.47,0.08,2.2,0.064,18.0,38.0,3.3,0.65,9.6,6,0
1527,0.53,0.07,1.7,0.071,15.0,24.0,3.29,0.66,10.8,6,0
1528,0.29,0.49,2.2,0.096,21.0,59.0,3.31,0.67,10.1,6,0
1529,0.69,0.08,2.1,0.063,42.0,52.0,3.42,0.6,10.2,6,0
1530,0.44,0.09,2.2,0.063,9.0,18.0,3.42,0.69,11.3,6,0
1531,0.705,0.1,2.8,0.081,13.0,28.0,3.6,0.66,10.2,5,0
1532,0.53,0.13,2.0,0.057999999999999996,18.0,22.0,3.21,0.68,9.9,6,0
1533,0.39,0.3,1.9,0.07400000000000001,32.0,84.0,3.39,0.61,9.0,5,0
1534,0.56,0.14,2.4,0.064,13.0,29.0,3.42,0.62,11.7,7,0
1535,0.55,0.13,2.2,0.075,15.0,35.0,3.36,0.59,9.7,6,0
1536,0.53,0.08,1.9,0.077,24.0,45.0,3.6,0.68,10.3,6,0
1537,0.58,0.08,1.9,0.059000000000000004,20.0,31.0,3.5,0.64,10.2,6,0
1538,0.64,0.09,2.5,0.081,15.0,26.0,3.57,0.63,12.0,5,0
1539,0.39,0.32,1.8,0.065,34.0,60.0,3.46,0.78,9.9,5,0
1540,0.52,0.08,4.4,0.071,11.0,32.0,3.56,0.63,11.6,6,1
1541,0.25,0.29,2.2,0.054000000000000006,19.0,49.0,3.4,0.76,10.9,7,0
1542,0.855,0.02,1.9,0.064,29.0,38.0,3.3,0.56,10.75,6,0
1543,0.44,0.42,2.2,0.064,14.0,19.0,3.25,0.57,10.4,6,0
1544,0.37,0.43,2.3,0.063,12.0,19.0,3.17,0.81,11.2,7,0
1545,0.63,0.33,1.8,0.059000000000000004,16.0,28.0,3.36,0.64,10.1,6,0
1546,0.57,0.02,2.0,0.07200000000000001,17.0,26.0,3.36,0.61,10.2,5,0
1547,0.6,0.1,1.6,0.048,12.0,26.0,3.55,0.51,12.1,5,0
1548,0.4,0.5,2.0,0.099,19.0,50.0,3.1,0.58,10.4,5,0
1549,0.36,0.3,1.8,0.07400000000000001,17.0,24.0,3.24,0.7,11.4,8,1
1550,0.68,0.0,2.3,0.087,17.0,26.0,3.45,0.53,9.5,5,0
1551,0.67,0.0,2.3,0.083,18.0,27.0,3.44,0.54,9.4,5,0
1552,0.68,0.01,3.7,0.10300000000000001,32.0,54.0,3.51,0.66,11.3,6,1
1553,0.735,0.0,2.2,0.08,18.0,28.0,3.41,0.6,9.4,5,0
1554,0.855,0.02,2.4,0.062,15.0,23.0,3.54,0.6,11.0,6,0
1555,0.56,0.17,1.7,0.065,15.0,24.0,3.44,0.68,10.55,7,0
1556,0.88,0.04,2.2,0.066,12.0,20.0,3.53,0.56,9.9,5,0
1557,0.855,0.02,2.4,0.062,15.0,23.0,3.54,0.6,11.0,6,0
1558,0.63,0.33,6.7,0.235,66.0,115.0,3.22,0.56,9.5,5,3
1559,0.6,0.26,2.0,0.08,31.0,131.0,3.21,0.52,9.9,5,1
1560,0.6,0.26,2.0,0.08,31.0,131.0,3.21,0.52,9.9,5,1
1561,0.6,0.26,2.0,0.08,31.0,131.0,3.21,0.52,9.9,5,1
1562,0.695,0.13,2.0,0.076,12.0,20.0,3.29,0.54,10.1,5,0
1563,0.695,0.13,2.0,0.076,12.0,20.0,3.29,0.54,10.1,5,0
1564,0.695,0.13,2.0,0.076,12.0,20.0,3.29,0.54,10.1,5,0
1565,0.67,0.02,1.9,0.061,26.0,42.0,3.39,0.82,10.9,6,0
1566,0.16,0.64,2.1,0.059000000000000004,24.0,52.0,3.34,0.71,11.2,6,0
1567,0.695,0.13,2.0,0.076,12.0,20.0,3.29,0.54,10.1,5,0
1568,0.56,0.13,1.6,0.077,25.0,42.0,3.34,0.59,9.2,5,0
1569,0.51,0.14,1.9,0.055999999999999994,15.0,34.0,3.48,0.57,11.5,6,0
1570,0.36,0.53,2.2,0.23,19.0,35.0,3.37,0.93,12.4,6,1
1571,0.38,0.14,2.2,0.038,15.0,25.0,3.44,0.65,11.1,6,1
1572,0.69,0.32,2.2,0.069,35.0,104.0,3.33,0.51,9.5,5,0
1573,0.58,0.2,2.4,0.075,15.0,50.0,3.58,0.67,12.5,6,0
1574,0.31,0.78,13.9,0.07400000000000001,23.0,92.0,3.39,0.48,10.5,6,1
1575,0.52,0.4,2.2,0.06,12.0,20.0,3.26,0.64,11.8,6,0
1576,0.3,0.63,1.6,0.081,16.0,29.0,3.3,0.78,10.8,6,0
1577,0.7,0.15,5.1,0.076,13.0,27.0,3.54,0.6,11.9,6,1
1578,0.67,0.15,1.8,0.11800000000000001,13.0,20.0,3.42,0.67,11.3,6,0
1579,0.56,0.09,1.7,0.053,24.0,32.0,3.54,0.6,11.3,5,0
1580,0.35,0.33,2.4,0.068,9.0,26.0,3.36,0.6,11.9,6,0
1581,0.56,0.09,1.7,0.053,24.0,32.0,3.54,0.6,11.3,5,0
1582,0.715,0.1,2.6,0.053,13.0,27.0,3.57,0.5,11.9,5,0
1583,0.46,0.29,2.1,0.07400000000000001,32.0,98.0,3.33,0.62,9.8,5,0
1584,0.32,0.44,2.4,0.061,24.0,34.0,3.29,0.8,11.6,7,0
1585,0.39,0.44,2.6,0.066,22.0,48.0,3.3,0.84,11.5,6,0
1586,0.31,0.41,2.4,0.065,34.0,60.0,3.34,0.85,11.4,6,0
1587,0.61,0.11,1.8,0.066,18.0,28.0,3.55,0.66,10.9,6,0
1588,0.66,0.33,2.5,0.068,34.0,102.0,3.27,0.78,12.8,6,0
1589,0.725,0.2,7.8,0.073,29.0,79.0,3.29,0.54,9.2,5,1
1590,0.55,0.15,1.8,0.077,26.0,35.0,3.32,0.82,11.6,6,0
1591,0.74,0.09,1.7,0.08900000000000001,16.0,26.0,3.67,0.56,11.6,6,0
1592,0.51,0.13,2.3,0.076,29.0,40.0,3.42,0.75,11.0,6,0
1593,0.62,0.08,1.9,0.068,28.0,38.0,3.42,0.82,9.5,6,0
1594,0.6,0.08,2.0,0.09,32.0,44.0,3.45,0.58,10.5,5,0
1595,0.55,0.1,2.2,0.062,39.0,51.0,3.52,0.76,11.2,6,0
1596,0.51,0.13,2.3,0.076,29.0,40.0,3.42,0.75,11.0,6,0
1597,0.645,0.12,2.0,0.075,32.0,44.0,3.57,0.71,10.2,5,0
1598,0.31,0.47,3.6,0.067,18.0,42.0,3.39,0.66,11.0,6,0
